date,active_users,signup_count,new_participants_first_ad,reward_points_total,reward_events_total,withdrawal_count_total,withdrawal_points_total,giftcard_order_count_total,giftcard_point_amount_total,giftcard_purchase_amount_total,giftcard_sell_price_total,giftcard_margin_vs_point_total,supabase_ad_revenue_usd,supabase_ad_revenue_krw,supabase_ad_event_count,adpopcorn_revenue_usd,adpopcorn_revenue_krw,adpopcorn_request_count,adpopcorn_response_count,adpopcorn_impression_count,adpopcorn_click_count,adpopcorn_fill_rate,adpopcorn_ecpm,preferred_revenue_usd,preferred_revenue_krw,reward_points_egg,reward_events_egg,reward_points_card_game,reward_events_card_game,reward_points_vault_game,reward_events_vault_game,reward_points_bonus_cash,reward_events_bonus_cash,reward_points_check_in_mission,reward_events_check_in_mission,withdrawal_count_pending,withdrawal_points_pending,withdrawal_count_completed,withdrawal_points_completed,withdrawal_count_rejected,withdrawal_points_rejected,adpopcorn_revenue_usd_rv,adpopcorn_revenue_krw_rv,adpopcorn_impression_count_rv,adpopcorn_fill_rate_rv,adpopcorn_ecpm_rv,adpopcorn_revenue_usd_iv,adpopcorn_revenue_krw_iv,adpopcorn_impression_count_iv,adpopcorn_fill_rate_iv,adpopcorn_ecpm_iv,adpopcorn_revenue_usd_banner,adpopcorn_revenue_krw_banner,adpopcorn_impression_count_banner,adpopcorn_fill_rate_banner,adpopcorn_ecpm_banner
2026-04-14,938,31,23,50287,8785,11,32000,0,0,0,0,0,20.374024,27505,8760,0.128774,174,863,347,154,73,17.84,0.8362,0.128774,174,50074,8718,118,31,78,32,13,2,4,2,11,32000,0,0,0,0,0.040274,54,47,16.73,0.8569,0.072640,98,77,16.08,0.9434,0.015860,21,30,29.13,0.5287
2026-04-15,898,21,18,45788,8206,5,12000,0,0,0,0,0,21.949840,29632,8319,0.305748,413,1309,23,325,188,24.83,0.9408,0.305748,413,45767,8199,9,3,8,3,4,1,0,0,5,12000,0,0,0,0,0.112219,151,125,28.09,0.8978,0.193529,261,200,23.28,0.9676,0,0,0,0.00,0
2026-04-16,901,34,29,37802,11249,5,17000,5,12500,11850,12000,650,1.801225,2432,353,25.362987,34240,48439,19747,15500,2974,32.00,1.6363,25.362987,34240,22260,7214,4532,1065,6791,1625,3752,878,467,467,4,14000,0,0,1,3000,12.744653,17205,4039,29.30,3.1554,12.258080,16548,7125,25.52,1.7204,0.360254,486,4336,64.38,0.0831
2026-04-17,945,28,22,39231,11744,4,12000,3,5200,4560,4700,640,,,,26.248853,35436,40350,21825,16733,1428,41.47,1.5687,26.248853,35436,24360,8187,3944,945,6286,1385,4212,920,429,307,4,12000,0,0,0,0,12.505827,16883,3526,33.19,3.5467,13.432805,18134,7279,32.96,1.8454,0.310221,419,5928,77.58,0.0523
2026-04-18,913,23,21,39294,11619,1,3000,4,8000,7820,8000,180,,,,26.737453,36096,37212,22486,16595,1460,44.60,1.6112,26.737453,36096,24587,8004,4039,911,5441,1307,4188,932,1039,465,1,3000,0,0,0,0,11.498610,15523,3580,33.29,3.2119,14.961915,20199,7273,37.89,2.0572,0.276928,374,5742,79.07,0.0482
2026-04-19,911,24,16,38172,11485,2,6000,5,12500,11830,12000,670,,,,28.863922,38966,34984,20290,15101,1699,43.17,1.9114,28.863922,38966,24421,8155,3985,901,5215,1227,3845,896,706,306,2,6000,0,0,0,0,12.392221,16729,3404,34.80,3.6405,16.232820,21914,7406,40.17,2.1918,0.238881,322,4291,63.43,0.0557
2026-04-20,912,22,20,38588,11333,0,0,3,8500,7920,8000,580,,,,25.495984,34420,43808,19676,14551,1745,33.22,1.7522,25.495984,34420,23895,7957,3884,880,5159,1163,4166,903,1484,430,0,0,0,0,0,0,9.077825,12255,3347,27.16,2.7122,16.180309,21843,7561,30.00,2.1400,0.237850,321,3643,57.96,0.0653
2026-04-21,886,34,49,37201,10957,3,13000,2,3000,2400,2500,600,,,,27.400300,36990,60017,18292,14661,2127,24.43,1.8689,27.400300,36990,23445,7813,3743,837,4904,1127,4173,896,936,284,0,0,3,13000,0,0,10.195554,13764,3481,20.22,2.9289,16.968677,22908,7557,20.57,2.2454,0.236069,319,3623,59.74,0.0652
2026-04-22,940,66,71,40126,11636,5,17000,3,5000,3960,4000,1040,,,,28.524261,38508,61482,19789,15203,1892,24.73,1.8762,28.524261,38508,24693,8178,3622,880,5407,1201,4289,955,2115,422,2,8000,0,0,3,9000,10.332849,13949,3636,19.22,2.8418,17.941882,24222,7767,21.51,2.3100,0.249530,337,3800,58.75,0.0657
2026-04-23,961,79,51,39193,11663,1,3000,6,14500,12850,13200,1650,,,,30.984222,41829,60074,20586,15577,1818,25.93,1.9891,30.984222,41829,24401,8172,3621,853,5330,1193,4761,993,1080,452,1,3000,0,0,0,0,12.609074,17022,3706,20.29,3.4023,18.115959,24457,7947,22.55,2.2796,0.259189,350,3924,59.75,0.0661
2026-04-24,942,69,68,39618,11589,0,0,0,0,0,0,0,,,,30.217773,40794,75284,20123,15156,1747,20.13,1.9938,30.217773,40794,24551,8161,4308,950,5255,1209,4809,958,695,311,0,0,0,0,0,0,11.850982,15999,3614,17.35,3.2792,18.122172,24465,7798,16.26,2.3240,0.244619,330,3744,57.53,0.0653
2026-04-25,963,94,65,38270,11593,2,6000,3,5000,3910,4000,1090,,,,32.035847,43248,82942,20415,15464,1695,18.64,2.0716,32.035847,43248,24214,8179,3749,843,4859,1164,4273,955,1175,452,2,6000,0,0,0,0,11.853008,16002,3698,15.46,3.2052,19.926857,26901,8072,15.40,2.4686,0.255982,346,3694,56.05,0.0693
2026-04-26,991,88,72,40429,12026,0,0,4,17000,16890,17000,110,,,,32.152423,43406,78952,21670,16779,1793,21.25,1.9162,32.152423,43406,26027,8642,3762,863,5405,1175,4297,990,938,356,0,0,0,0,0,0,12.138921,16388,3561,15.73,3.4089,19.702586,26598,8193,16.63,2.4048,0.310916,420,5025,71.18,0.0619
2026-04-27,965,66,61,38752,11678,2,6000,2,5000,4950,5000,50,,,,30.122853,40666,98203,21181,16478,1947,16.78,1.8281,30.122853,40666,24466,8261,3675,887,5043,1174,4158,963,1410,393,2,6000,0,0,0,0,11.635069,15707,3747,13.00,3.1052,18.245654,24632,8077,12.95,2.2590,0.242130,327,4654,66.54,0.0520
2026-04-28,965,67,45,39196,11482,2,6000,1,1500,990,1000,510,,,,28.117016,37958,106457,19456,15077,2046,14.16,1.8649,28.117016,37958,25293,8195,3336,854,4983,1131,4427,952,1157,350,2,6000,0,0,0,0,11.110830,15000,3527,11.34,3.1502,16.810347,22694,7975,11.56,2.1079,0.195839,264,3575,56.15,0.0548
2026-04-29,952,39,28,38277,11276,5,19000,5,19500,17720,18000,1780,,,,26.458951,35720,120691,19341,15374,2105,12.74,1.7210,26.458951,35720,23989,8041,3655,834,4534,1063,4337,945,1762,393,5,19000,0,0,0,0,10.228478,13808,3513,11.05,2.9116,16.032246,21644,8045,9.76,1.9928,0.198227,268,3816,59.19,0.0519
2026-04-30,908,51,48,35930,10845,2,6000,4,9800,9610,9800,190,,,,24.766304,33435,118272,18834,14840,1866,12.55,1.6689,24.766304,33435,22553,7660,3652,828,4677,1102,4111,875,937,380,2,6000,0,0,0,0,9.992946,13490,3286,11.16,3.0411,14.601852,19713,7400,8.97,1.9732,0.171506,232,4154,65.42,0.0413
2026-05-01,934,52,46,37457,11119,7,21000,2,4500,3960,4000,540,,,,26.113030,35253,117984,18501,14632,1917,12.40,1.7847,26.113030,35253,24086,7906,3531,863,4814,1129,4216,887,810,334,7,21000,0,0,0,0,9.695881,13089,3400,11.12,2.8517,16.241773,21926,7770,9.57,2.0903,0.175376,237,3462,55.97,0.0507
2026-05-02,911,47,39,36005,10966,1,3000,3,8500,7770,8000,730,,,,24.907450,33625,117217,18199,14196,1972,12.11,1.7545,24.907450,33625,22493,7718,3615,868,4946,1122,3917,892,1034,366,1,3000,0,0,0,0,9.540639,12880,3376,11.04,2.8260,15.221044,20548,7569,9.41,2.0110,0.145767,197,3251,52.49,0.0448
2026-05-03,929,41,47,36164,10984,3,9000,5,10100,9630,10100,470,,,,25.747125,34759,119387,18182,14296,2005,11.97,1.8010,25.747125,34759,22957,7833,3636,833,4633,1085,4024,901,914,332,3,9000,0,0,0,0,9.697134,13091,3422,11.15,2.8338,15.927482,21502,7827,9.48,2.0349,0.122509,165,3047,49.93,0.0402
2026-05-04,906,37,27,37473,11031,5,17000,1,3000,2970,3000,30,,,,24.123951,32567,112154,18009,14223,1867,12.68,1.6961,24.123951,32567,23507,7779,3535,865,5084,1086,4128,911,1219,390,5,17000,0,0,0,0,8.899266,12014,3302,10.82,2.6951,15.092445,20375,7631,10.07,1.9778,0.132240,179,3290,56.01,0.0402
2026-05-05,915,35,28,36600,10860,3,9000,3,7000,6830,7000,170,,,,24.249016,32736,117074,18593,14589,1731,12.46,1.6621,24.249016,32736,23321,7800,3881,832,4486,1070,3901,853,1011,305,3,9000,0,0,0,0,9.410034,12704,3338,11.48,2.8191,14.690255,19832,7621,9.32,1.9276,0.148727,201,3630,58.08,0.0410
2026-05-06,864,25,20,36032,10692,3,9000,3,5300,4660,4800,640,,,,23.455665,31665,90244,18004,14356,1773,15.91,1.6339,23.455665,31665,22746,7578,3427,812,4570,1067,3664,860,1625,375,3,9000,0,0,0,0,8.861858,11964,3097,11.59,2.8614,14.439459,19493,7386,12.84,1.9550,0.154348,208,3873,64.56,0.0399
2026-05-07,839,19,10,34365,10338,3,9000,3,8000,7920,8000,80,,,,30.679991,41418,74371,15458,18351,1349,24.67,1.6718,30.679991,41418,21409,7277,3641,802,4483,1034,3875,865,957,360,3,9000,0,0,0,0,11.106762,14994,3516,15.86,3.1589,19.229537,25960,7987,17.37,2.4076,0.343692,464,6848,109.81,0.0502
2026-05-08,859,26,42,34149,10288,1,3000,3,8000,7920,8000,80,,,,36.806864,49689,20674,391,21275,8,102.91,1.7301,36.806864,49689,21794,7355,3410,766,4219,997,3843,844,883,326,1,3000,0,0,0,0,13.608810,18372,3223,64.65,4.2224,22.533582,30420,7579,67.45,2.9732,0.664472,897,10473,235.19,0.0634
2026-05-09,877,36,46,36465,10752,2,6000,3,7000,6930,7000,70,,,,39.671471,53556,20571,66,19045,1,92.58,2.0830,39.671471,53556,22673,7531,3743,873,5045,1102,3984,887,1020,359,2,6000,0,0,0,0,16.637212,22460,3586,64.73,4.6395,22.346189,30167,7728,75.48,2.8916,0.688070,929,7731,161.33,0.0890
2026-05-10,926,68,65,36767,11099,6,20000,2,4500,3960,4000,540,,,,42.107954,56846,21571,45,18489,2,85.71,2.2775,42.107954,56846,23078,7871,3813,862,4731,1093,4037,904,1108,369,6,20000,0,0,0,0,15.844640,21390,3627,61.81,4.3685,25.640104,34614,8053,75.59,3.1839,0.623210,841,6809,134.83,0.0915
2026-05-11,932,74,58,38987,11698,8,24000,4,13800,13590,13800,210,,,,41.109220,55497,23045,66,19050,,82.66,2.1580,41.109220,55497,24942,8333,3677,889,5062,1151,4056,919,1250,406,8,24000,0,0,0,0,16.401139,22142,3682,59.50,4.4544,24.097976,32532,8300,72.79,2.9034,0.610105,824,7068,129.57,0.0863
2026-05-12,970,78,73,39157,11569,7,21000,2,3600,3380,3600,220,,,,44.241952,59727,22159,6,19703,,88.92,2.2454,44.241952,59727,25007,8275,3914,884,4856,1121,4243,944,1137,345,3,9000,4,12000,0,0,16.658916,22490,3646,62.96,4.5691,26.970952,36411,8534,76.46,3.1604,0.612084,826,7523,144.51,0.0814
2026-05-13,940,120,75,39381,11399,4,12000,3,5300,4550,4800,750,,,,39.245810,52982,22790,32,18557,,81.43,2.1149,39.245810,52982,24346,8032,3855,883,5553,1158,4103,928,1524,398,4,12000,0,0,0,0,15.693413,21186,3739,61.67,4.1972,23.012797,31067,8234,72.30,2.7949,0.539600,728,6584,123.34,0.0820
2026-05-14,976,84,81,38590,11538,5,15000,9,24500,23460,24000,1040,,,,42.584182,57489,22487,4,18957,1,84.30,2.2464,42.584182,57489,24457,8137,3860,919,5083,1165,4154,947,1036,370,5,15000,0,0,0,0,16.244370,21930,3805,63.63,4.2692,25.728062,34733,8384,74.98,3.0687,0.611750,826,6768,127.10,0.0904
2026-05-15,985,105,93,39799,11687,6,20000,2,4500,3960,4000,540,,,,43.983603,59378,23157,60,19048,1,82.26,2.3091,43.983603,59378,25049,8214,4079,949,5348,1240,4327,924,996,360,6,20000,0,0,0,0,19.462528,26274,3880,62.29,5.0161,23.978662,32371,8429,73.91,2.8448,0.542413,732,6739,121.99,0.0805
2026-05-16,950,99,66,37432,11281,3,9000,1,2000,1980,2000,20,,,,48.676275,65713,22477,2,18494,2,82.28,2.6320,48.676275,65713,23508,7958,3968,889,4959,1169,3884,899,1113,366,3,9000,0,0,0,0,20.400448,27541,3701,60.78,5.5121,27.697759,37392,8166,73.72,3.3918,0.578068,780,6627,124.78,0.0872
2026-05-17,989,95,97,38794,11567,4,12000,2,5000,4950,5000,50,,,,48.367609,65296,24025,31,20084,2,83.60,2.4083,48.367609,65296,23689,8048,4343,949,5398,1261,4198,943,1166,366,4,12000,0,0,0,0,18.742349,25302,3935,64.93,4.7630,29.060525,39232,8973,75.06,3.2387,0.564735,762,7176,119.40,0.0787
2026-05-18,985,92,65,39444,11855,4,12000,3,5500,4850,5000,650,,,,44.435391,59988,23643,35,18980,2,80.28,2.3412,44.435391,59988,25314,8384,4008,917,4727,1202,4321,965,1074,387,4,12000,0,0,0,0,18.077032,24404,3873,60.54,4.6674,25.848358,34895,8613,73.74,3.0011,0.510001,689,6494,116.67,0.0785
2026-05-19,980,78,67,39634,11715,2,6000,5,10900,10580,10900,320,,,,45.529643,61465,22958,37,18479,1,80.49,2.4639,45.529643,61465,24984,8303,3736,923,5326,1211,4509,942,1079,336,2,6000,0,0,0,0,18.316712,24728,3857,62.01,4.7490,26.779715,36153,8516,75.33,3.1446,0.433216,585,6106,112.39,0.0709
2026-05-20,988,66,55,41698,12142,6,18000,1,1700,1590,1700,110,,,,42.139288,56888,23603,36,19925,,84.42,2.1149,42.139288,56888,25674,8467,4086,991,5989,1251,4446,1008,1503,425,6,18000,0,0,0,0,18.245368,24631,4125,62.54,4.4231,23.438899,31643,8715,76.35,2.6895,0.455021,614,7085,126.70,0.0642
2026-05-21,981,80,62,39643,11843,3,11000,6,14000,12820,13000,1180,,,,42.183117,56947,23951,31,20599,1,86.00,2.0478,42.183117,56947,24632,8267,3935,961,5695,1252,4325,981,1056,382,3,11000,0,0,0,0,18.136948,24485,4051,61.82,4.4772,23.523705,31757,8519,72.57,2.7613,0.522464,705,8029,141.88,0.0651
2026-05-22,943,63,52,42766,11213,3,9000,3,6800,6640,6800,160,,,,42.461064,57322,22688,28,19627,1,86.51,2.1634,42.461064,57322,29960,7805,3438,921,4653,1174,3636,971,1079,342,3,9000,0,0,0,0,27.379999,36963,6839,76.49,4.0035,14.569391,19669,5183,62.79,2.8110,0.511674,691,7605,138.45,0.0673
2026-05-23,917,66,50,43149,10799,5,15000,7,14000,12770,13000,1230,,,,42.496224,57370,21743,34,18882,,86.84,2.2506,42.496224,57370,33507,7489,2587,908,3351,1133,2626,904,1078,365,5,15000,0,0,0,0,35.055966,47326,8104,76.68,4.3258,6.940468,9370,3568,62.01,1.9452,0.499790,675,7210,133.00,0.0693
2026-05-24,943,68,51,42849,10744,1,3000,4,8000,6930,7000,1070,,,,38.116376,51457,21303,32,19626,,92.13,1.9421,38.116376,51457,33307,7425,2576,934,3236,1169,2543,880,1187,336,1,3000,0,0,0,0,30.434525,41087,7973,76.51,3.8172,7.174804,9686,3600,64.33,1.9930,0.507047,685,8053,152.35,0.0630
2026-05-25,998,147,113,45558,11180,4,12000,4,7000,5890,6000,1110,,,,44.227238,59707,23007,29,20597,1,89.52,2.1473,44.227238,59707,35688,7708,2768,941,3440,1234,2603,918,1059,379,4,12000,0,0,0,0,33.993736,45892,8309,74.08,4.0912,9.567012,12915,3744,61.31,2.5553,0.666490,900,8544,150.34,0.0780
2026-05-26,1023,149,118,40443,11772,5,15000,4,7800,7630,7800,170,,,,49.004556,66156,24094,27,21183,,87.92,2.3134,49.004556,66156,28060,8238,3233,980,4589,1258,3579,960,982,336,5,15000,0,0,0,0,26.232767,35414,4831,58.91,5.4301,22.042641,29758,7680,76.48,2.8701,0.729148,984,8672,148.21,0.0841
2026-05-27,1038,138,112,41812,12242,7,25000,3,6500,6210,6500,290,,,,57.042489,77007,23067,2,20415,,88.50,2.7941,57.042489,77007,25756,8541,4380,981,5623,1299,4681,1016,1372,405,7,25000,0,0,0,0,21.855031,29504,4073,64.78,5.3658,34.593006,46701,8742,77.58,3.9571,0.594452,803,7600,137.88,0.0782
2026-05-28,1084,142,132,42884,12731,2,6000,3,5500,4900,5000,600,,,,72.904974,98422,24843,24,21609,,86.98,3.3738,72.904974,98422,26368,8869,4579,1038,5872,1364,4943,1030,1122,430,2,6000,0,0,0,0,30.411489,41056,4210,61.46,7.2236,41.888225,56549,9103,75.39,4.6016,0.605260,817,8296,140.16,0.0730
2026-05-29,1053,135,117,42449,12434,3,9000,4,7000,6310,6500,690,,,,50.810858,68595,23987,,21803,,90.90,2.3305,50.810858,68595,26334,8717,4606,993,5705,1334,4662,1024,1142,366,3,9000,0,0,0,0,19.543991,26384,4061,62.96,4.8126,30.688298,41429,8936,75.53,3.4342,0.578569,781,8806,154.33,0.0657
2026-05-30,1050,149,108,41926,12337,2,8000,3,12000,11880,12000,120,,,,55.399959,74790,23619,,20974,,88.80,2.6414,55.399959,74790,26121,8634,4194,994,5753,1307,4608,986,1250,416,2,8000,0,0,0,0,22.994351,31042,4048,63.30,5.6804,31.829287,42970,8669,74.65,3.6716,0.576321,778,8257,147.16,0.0698
2026-05-31,1083,170,129,43083,12823,5,15000,2,3000,1980,2000,1020,,,,56.066032,75689,25039,2,22055,,88.08,2.5421,56.066032,75689,26478,8827,4594,1084,6350,1469,4476,1040,1185,403,5,15000,0,0,0,0,22.063362,29786,4283,61.68,5.1514,33.418888,45115,9139,75.94,3.6567,0.583782,788,8633,142.44,0.0676
2026-06-01,1070,104,84,42002,12502,9,29000,2,4500,3960,4000,540,,,,52.639566,71063,24652,2,21998,,89.23,2.3929,52.639566,71063,25892,8681,4438,1031,5816,1330,4588,1045,1268,415,9,29000,0,0,0,0,20.989470,28336,4219,61.87,4.9750,30.891825,41704,8895,74.03,3.4729,0.758271,1024,8884,152.70,0.0854
2026-06-02,1088,182,108,43589,12542,3,11000,3,5000,3960,4000,1040,,,,67.881639,91640,28338,2,30995,,109.38,2.1901,67.881639,91640,26336,8556,4708,1049,7210,1651,3990,902,1345,384,3,11000,0,0,0,0,24.551986,33145,4335,64.80,5.6637,41.195283,55614,8837,72.89,4.6617,2.134370,2881,17823,187.14,0.1198
2026-06-03,1083,165,116,46333,13261,6,20000,4,10500,10320,10500,180,,,,62.218607,83995,33859,,33431,,98.74,1.8611,62.218607,83995,26304,8697,5256,1188,8480,1927,4695,973,1598,476,6,20000,0,0,0,0,23.775997,32098,4925,61.42,4.8276,35.527563,47962,8959,72.43,3.9656,2.915047,3935,19547,145.09,0.1491
2026-06-04,1063,147,85,44994,13282,2,6000,0,0,0,0,0,,,,67.846763,91593,33170,,32357,,97.55,2.0968,67.846763,91593,26215,8791,4949,1155,8142,1911,4514,1020,1174,405,2,6000,0,0,0,0,26.601592,35912,4861,62.22,5.4725,38.871753,52477,9053,76.09,4.2938,2.373418,3204,18443,137.01,0.1287
2026-06-05,1010,42,32,44287,12870,4,16000,4,8000,7920,8000,80,,,,54.508858,73587,31697,,27446,,86.59,1.9860,54.508858,73587,25536,8539,5020,1133,8027,1823,4343,974,1361,401,4,16000,0,0,0,0,22.224944,30004,4636,62.53,4.7940,31.081688,41960,8780,76.92,3.5401,1.202226,1623,14030,109.02,0.0857
2026-06-06,1020,53,54,43594,12697,3,9000,1,2000,1980,2000,20,,,,50.874000,68680,31372,,31936,,101.80,1.5930,50.874000,68680,25277,8420,5040,1136,7709,1769,4244,965,1324,407,3,9000,0,0,0,0,18.307538,24715,4591,63.05,3.9877,31.360140,42336,8649,76.76,3.6259,1.206322,1629,18696,145.80,0.0645
2026-06-07,1047,64,54,44913,13205,7,21000,4,9500,8510,9000,990,,,,49.354155,66628,32343,2,32437,,100.29,1.5215,49.354155,66628,25888,8790,4571,1151,8473,1869,4591,969,1390,426,7,21000,0,0,0,0,20.038542,27052,4823,64.08,4.1548,28.230864,38112,9066,78.09,3.1139,1.084749,1464,18548,140.45,0.0585
2026-06-08,1023,49,44,43748,12857,7,28000,2,3800,3570,3800,230,,,,50.260411,67852,32068,,32458,,101.22,1.5485,50.260411,67852,25768,8572,4705,1135,7431,1781,4517,969,1327,400,7,28000,0,0,0,0,19.520141,26352,4635,62.37,4.2115,29.562268,39909,8857,76.31,3.3377,1.178002,1590,18966,145.55,0.0621
2026-06-09,1052,104,81,44823,13129,3,9000,3,10000,9900,10000,100,,,,58.090632,78422,31923,,29217,,91.52,1.9882,58.090632,78422,26271,8763,4869,1128,7989,1849,4233,952,1461,437,3,9000,0,0,0,0,22.404727,30246,4715,64.32,4.7518,34.503009,46579,9104,79.39,3.7899,1.182896,1597,15398,117.32,0.0768
2026-06-10,1047,69,70,44933,13093,8,26000,5,10500,9650,10000,850,,,,58.313439,78723,32234,1,29359,,91.08,1.9862,58.313439,78723,26562,8757,4776,1160,7887,1799,4324,966,1384,411,8,26000,0,0,0,0,19.411568,26206,4684,62.59,4.1442,37.450526,50558,9073,78.24,4.1277,1.451345,1959,15602,118.62,0.0930
2026-06-11,1196,184,175,48962,14419,6,20000,2,4500,3960,4000,540,,,,71.858882,97009,35689,,32236,,90.32,2.2292,71.858882,97009,29463,9749,5458,1240,8493,1996,4126,965,1422,469,6,20000,0,0,0,0,26.244971,35431,5055,62.94,5.1919,44.099131,59534,10101,77.69,4.3658,1.514780,2045,17080,116.53,0.0887
2026-06-12,1312,279,249,50719,14907,5,17000,2,4500,3810,4000,690,,,,92.277718,124575,36781,1,39574,,107.59,2.3318,92.277718,124575,30512,10114,5496,1284,8889,2084,4458,965,1364,460,5,17000,0,0,0,0,33.647640,45424,5189,63.44,6.4844,56.453547,76212,10432,78.17,5.4116,2.176531,2938,23953,157.01,0.0909
2026-06-13,1346,325,294,51765,15354,6,18000,2,5000,4850,5000,150,,,,95.555266,129000,39296,,40312,,102.59,2.3704,95.555266,129000,30957,10304,5889,1415,9070,2196,4369,968,1480,471,6,18000,0,0,0,0,34.361584,46388,5470,63.19,6.2818,58.489755,78961,10670,75.22,5.4817,2.703927,3650,24172,146.91,0.1119
2026-06-14,1438,309,276,53748,16162,4,12000,2,7000,6950,7000,50,,,,105.508336,142436,40207,,41599,,103.46,2.5363,105.508336,142436,31765,10886,6034,1462,9625,2243,4856,1047,1468,524,4,12000,0,0,0,0,35.511498,47941,5722,64.02,6.2061,67.553971,91198,11248,78.70,6.0059,2.442867,3298,24629,145.08,0.0992
2026-06-15,1476,324,232,57416,16535,2,6000,2,4000,3960,4000,40,,,,98.445529,132901,42066,2,42540,,101.13,2.3142,98.445529,132901,34024,11098,6398,1501,10378,2358,5240,1083,1376,495,2,6000,0,0,0,0,34.594779,46703,5896,62.95,5.8675,61.708106,83306,11476,75.41,5.3771,2.142644,2893,25168,143.97,0.0851
2026-06-16,1335,175,123,53302,15857,9,33000,3,6000,5210,5400,790,,,,90.873288,122679,38616,1,40282,,104.31,2.2559,90.873288,122679,31300,10586,6072,1459,9711,2255,4666,1092,1553,465,9,33000,0,0,0,0,33.882673,45742,5627,64.69,6.0214,55.198372,74518,10896,77.67,5.0659,1.792243,2420,23759,149.53,0.0754
2026-06-17,1339,242,173,53170,15693,4,14000,6,25000,23510,24000,1490,,,,91.507294,123535,40280,,37767,,93.76,2.4229,91.507294,123535,31000,10431,6249,1451,9593,2243,4688,1081,1640,487,4,14000,0,0,0,0,36.214302,48889,5678,61.37,6.3780,53.630026,72401,10762,74.62,4.9833,1.662966,2245,21327,128.43,0.0780
2026-06-18,1318,164,119,53928,15569,3,11000,2,4400,4130,4400,270,,,,84.778237,114451,39364,,34778,,88.35,2.4377,84.778237,114451,31508,10353,6660,1452,9632,2222,4794,1109,1334,433,3,11000,0,0,0,0,31.924148,43098,5598,62.56,5.7028,51.577711,69630,10652,75.52,4.8421,1.276378,1723,18528,113.59,0.0689
2026-06-19,1190,118,80,49955,14488,11,37000,1,5000,4970,5000,30,,,,63.104891,85192,36140,,33869,,93.72,1.8632,63.104891,85192,28517,9488,5778,1378,9136,2085,5075,1081,1449,456,11,37000,0,0,0,0,22.718996,30671,5383,63.31,4.2205,39.111970,52801,9778,76.14,4.0000,1.273925,1720,18708,126.44,0.0681
2026-06-20,1206,136,84,50962,14607,3,11000,1,1500,990,1000,510,,,,59.561994,80409,35930,,39196,,109.09,1.5196,59.561994,80409,28967,9630,6020,1402,9690,2086,4829,1049,1456,440,3,11000,0,0,0,0,22.363702,30191,5414,65.32,4.1307,35.643533,48119,9987,77.80,3.5690,1.554759,2099,23795,160.72,0.0653
2026-06-21,1240,141,110,51930,14978,6,20000,7,15500,14850,15000,650,,,,65.358224,88234,36329,1,38783,,106.75,1.6852,65.358224,88234,29628,9927,6355,1416,9461,2093,4949,1052,1537,490,6,20000,0,0,0,0,24.517491,33099,5437,64.27,4.5094,39.324219,53088,10256,79.13,3.8343,1.516514,2047,23090,154.87,0.0657
2026-06-22,1228,137,101,51208,14986,7,23000,3,9000,8930,9000,70,,,,70.504806,95181,37033,,37295,,100.71,1.8905,70.504806,95181,29871,9968,6505,1429,9131,2093,4434,1057,1267,439,7,23000,0,0,0,0,25.792877,34820,5426,63.57,4.7536,43.108245,58196,10256,76.71,4.2032,1.603684,2165,21613,142.86,0.0742
2026-06-23,1253,144,108,53111,15394,7,21000,3,9000,8810,9000,190,,,,71.975868,97167,37189,,35267,,94.83,2.0409,71.975868,97167,30776,10178,6433,1490,9621,2190,4783,1077,1498,459,7,21000,0,0,0,0,26.186085,35351,5608,65.09,4.6694,44.487032,60057,10515,78.91,4.2308,1.302751,1759,19144,125.56,0.0681
2026-06-24,1338,227,180,52749,15634,6,20000,4,12500,11580,12000,920,,,,79.321414,107084,39222,,36375,,92.74,2.1807,79.321414,107084,31007,10367,6387,1461,9019,2225,4706,1077,1630,504,6,20000,0,0,0,0,27.499234,37124,5627,63.64,4.8870,50.386662,68022,10736,76.40,4.6932,1.435518,1938,20012,122.57,0.0717
2026-06-25,1720,919,506,71048,17578,2,6000,4,7500,6930,7000,570,,,,141.927130,191602,44999,,47687,,105.97,2.9762,141.927130,191602,47188,11892,6713,1582,10647,2472,4928,1108,1572,524,2,6000,0,0,0,0,36.568791,49368,6128,64.76,5.9675,101.314486,136775,12410,76.49,8.1639,4.043853,5459,29149,150.94,0.1387
2026-06-26,1726,701,477,83791,18089,7,23000,5,14500,14230,14500,270,,,,133.418365,180115,46715,,50527,,108.16,2.6405,133.418365,180115,59289,12133,6748,1651,11071,2616,5039,1131,1644,558,6,20000,0,0,1,3000,36.960972,49897,6420,63.80,5.7572,92.798299,125278,12636,75.38,7.3440,3.659094,4940,31471,158.23,0.1163
2026-06-27,1768,703,457,92418,19004,3,11000,3,6500,5940,6000,560,,,,158.841211,214436,49401,,52837,,106.96,3.0062,158.841211,214436,66085,12678,7439,1773,12020,2796,5252,1173,1622,584,3,11000,0,0,0,0,43.736493,59044,6857,63.88,6.3784,110.747907,149510,13228,75.31,8.3722,4.356811,5882,32752,155.20,0.1330
2026-06-28,1641,294,252,91834,19410,2,8000,10,84500,83430,4500,1070,,,,121.183996,163598,49379,1,48725,,98.68,2.4871,121.183996,163598,63364,12720,8359,1879,12079,2907,6056,1302,1976,602,2,8000,0,0,0,0,43.930890,59307,7176,63.61,6.1219,74.779250,100952,13139,76.04,5.6914,2.473856,3340,28410,136.46,0.0871
2026-06-29,1541,151,139,87384,18311,7,32000,5,37000,36650,7000,350,,,,101.901006,137566,51342,,45314,,88.26,2.2488,101.901006,137566,57163,12180,7310,1662,11170,2645,5575,1299,6166,525,7,32000,0,0,0,0,37.415029,50510,6653,62.10,5.6238,62.517350,84398,12593,72.06,4.9645,1.968627,2658,26068,112.59,0.0755
2026-06-30,1551,152,127,89417,18618,4,12000,3,11000,10890,11000,110,,,,104.095844,140529,54532,,50790,,93.14,2.0495,104.095844,140529,54386,12300,7420,1780,11874,2678,5587,1300,10150,560,4,12000,0,0,0,0,39.351884,53125,6832,65.32,5.7599,62.295424,84099,12729,77.66,4.8940,2.448536,3306,31229,112.81,0.0784
2026-07-01,1771,327,225,95403,19608,7,23000,5,14500,13830,14000,670,,,,115.173714,155485,59343,,53753,,90.58,2.1426,115.173714,155485,56874,13075,7622,1797,12902,2826,5850,1324,12155,586,7,23000,0,0,0,0,36.088497,48719,7124,64.66,5.0658,75.851537,102400,13543,77.27,5.6008,3.233680,4365,33086,107.43,0.0977
2026-07-02,1734,417,268,94795,19603,4,12000,2,3700,3570,3700,130,,,,128.380616,173314,60518,,50791,,83.93,2.5276,128.380616,173314,57028,13050,7913,1811,12605,2841,6003,1319,11246,582,4,12000,0,0,0,0,39.829681,53770,7088,63.05,5.6193,85.234264,115066,13506,76.19,6.3108,3.316671,4478,30197,95.71,0.1098
2026-07-03,1665,342,216,91524,19268,10,43000,2,4500,3960,4000,540,,,,105.447038,142354,59090,,48369,,81.86,2.1801,105.447038,142354,53791,12775,7905,1784,12551,2769,6041,1380,11236,560,10,43000,0,0,0,0,36.444997,49201,7073,64.73,5.1527,66.537809,89826,13074,75.31,5.0893,2.464232,3327,28222,91.62,0.0873
2026-07-04,1570,188,130,84437,18825,3,9000,3,6500,5890,6000,610,,,,98.499944,132975,57435,1,45081,,78.49,2.1850,98.499944,132975,47749,12334,7696,1806,11721,2799,6148,1335,11123,551,3,9000,0,0,0,0,34.919966,47142,6838,62.72,5.1068,61.561752,83108,12514,75.59,4.9194,2.018226,2725,25729,85.83,0.0784
2026-07-05,1548,199,133,85115,18941,6,20000,1,3000,2970,3000,30,,,,,,,,,,,,,,47649,12388,7862,1844,12164,2799,5561,1336,11879,574,6,20000,0,0,0,0,0,0,0,0,0,0,0,0,0,0,0,0,0,0,0
