date,placement_type,request_value,response_value,impression_value,click_value,revenue_usd,fill_rate,ctr,ecpm
2026-04-16,RV,13785,6726,4039,678,12.744653,29.3000,16.7863,3.1554
2026-04-16,배너,6735,4365,4336,7,0.360254,64.3801,0.1614,0.0831
2026-04-16,전면,27919,8656,7125,2289,12.258080,25.5203,32.1263,1.7204
2026-04-17,RV,10624,5829,3526,476,12.505827,33.1890,13.4997,3.5467
2026-04-17,배너,7641,5979,5928,7,0.310221,77.5815,0.1181,0.0523
2026-04-17,전면,22085,10017,7279,945,13.432805,32.9590,12.9826,1.8454
2026-04-18,RV,10755,6168,3580,511,11.498610,33.2868,14.2737,3.2119
2026-04-18,배너,7262,5765,5742,3,0.276928,79.0691,0.0522,0.0482
2026-04-18,전면,19195,10553,7273,946,14.961915,37.8901,13.0070,2.0572
2026-04-19,RV,9781,5684,3404,545,12.392221,34.8022,16.0106,3.6405
2026-04-19,배너,6765,4320,4291,4,0.238881,63.4294,0.0932,0.0557
2026-04-19,전면,18438,10286,7406,1150,16.232820,40.1670,15.5280,2.1918
2026-04-20,RV,12322,5721,3347,452,9.077825,27.1628,13.5046,2.7122
2026-04-20,배너,6285,3781,3643,1,0.237850,57.9634,0.0274,0.0653
2026-04-20,전면,25201,10174,7561,1292,16.180309,30.0028,17.0877,2.1400
2026-04-21,RV,17215,5190,3481,695,10.195554,20.2207,19.9655,2.9289
2026-04-21,배너,6065,3652,3623,3,0.236069,59.7362,0.0828,0.0652
2026-04-21,전면,36737,9450,7557,1429,16.968677,20.5705,18.9096,2.2454
2026-04-22,RV,18913,5722,3636,668,10.332849,19.2249,18.3718,2.8418
2026-04-22,배너,6468,3835,3800,4,0.249530,58.7508,0.1053,0.0657
2026-04-22,전면,36101,10232,7767,1220,17.941882,21.5146,15.7075,2.3100
2026-04-23,RV,18268,5948,3706,644,12.609074,20.2868,17.3772,3.4023
2026-04-23,배너,6567,3957,3924,4,0.259189,59.7533,0.1019,0.0661
2026-04-23,전면,35239,10681,7947,1170,18.115959,22.5517,14.7225,2.2796
2026-04-24,RV,20829,5678,3614,642,11.850982,17.3508,17.7643,3.2792
2026-04-24,배너,6508,3776,3744,3,0.244619,57.5292,0.0801,0.0653
2026-04-24,전면,47947,10669,7798,1102,18.122172,16.2638,14.1318,2.3240
2026-04-25,RV,23923,5915,3698,641,11.853008,15.4579,17.3337,3.2052
2026-04-25,배너,6590,3720,3694,4,0.255982,56.0546,0.1083,0.0693
2026-04-25,전면,52429,10780,8072,1050,19.926857,15.3961,13.0079,2.4686
2026-04-26,RV,22636,5723,3561,612,12.138921,15.7316,17.1862,3.4089
2026-04-26,배너,7060,5059,5025,1,0.310916,71.1756,0.0199,0.0619
2026-04-26,전면,49256,10888,8193,1180,19.702586,16.6335,14.4025,2.4048
2026-04-27,RV,28816,6043,3747,653,11.635069,13.0032,17.4273,3.1052
2026-04-27,배너,6994,4694,4654,5,0.242130,66.5428,0.1074,0.0520
2026-04-27,전면,62393,10444,8077,1289,18.245654,12.9454,15.9589,2.2590
2026-04-28,RV,31101,5777,3527,611,11.110830,11.3405,17.3235,3.1502
2026-04-28,배너,6367,3605,3575,0,0.195839,56.1489,0.0000,0.0548
2026-04-28,전면,68989,10074,7975,1435,16.810347,11.5598,17.9937,2.1079
2026-04-29,RV,31794,5559,3513,681,10.228478,11.0493,19.3851,2.9116
2026-04-29,배너,6447,3856,3816,0,0.198227,59.1903,0.0000,0.0519
2026-04-29,전면,82450,9926,8045,1424,16.032246,9.7574,17.7004,1.9928
2026-04-30,RV,29443,5293,3286,528,9.992946,11.1605,16.0682,3.0411
2026-04-30,배너,6350,4192,4154,3,0.171506,65.4173,0.0722,0.0413
2026-04-30,전면,82479,9349,7400,1335,14.601852,8.9720,18.0405,1.9732
2026-05-01,RV,30578,5519,3400,518,9.695881,11.1191,15.2353,2.8517
2026-05-01,배너,6186,3480,3462,3,0.175376,55.9651,0.0867,0.0507
2026-05-01,전면,81220,9502,7770,1396,16.241773,9.5666,17.9665,2.0903
2026-05-02,RV,30567,5529,3376,541,9.540639,11.0446,16.0249,2.8260
2026-05-02,배너,6193,3270,3251,2,0.145767,52.4948,0.0615,0.0448
2026-05-02,전면,80457,9400,7569,1429,15.221044,9.4075,18.8796,2.0110
2026-05-03,RV,30702,5581,3422,577,9.697134,11.1459,16.8615,2.8338
2026-05-03,배너,6102,3070,3047,1,0.122509,49.9344,0.0328,0.0402
2026-05-03,전면,82583,9531,7827,1427,15.927482,9.4777,18.2318,2.0349
2026-05-04,RV,30523,5337,3302,562,8.899266,10.8181,17.0200,2.6951
2026-05-04,배너,5874,3305,3290,1,0.132240,56.0095,0.0304,0.0402
2026-05-04,전면,75757,9367,7631,1304,15.092445,10.0730,17.0882,1.9778
2026-05-05,RV,29064,5506,3338,522,9.410034,11.4850,15.6381,2.8191
2026-05-05,배너,6250,3666,3630,1,0.148727,58.0800,0.0275,0.0410
2026-05-05,전면,81760,9421,7621,1208,14.690255,9.3212,15.8509,1.9276
2026-05-06,RV,26724,5113,3097,519,8.861858,11.5888,16.7582,2.8614
2026-05-06,배너,5999,3851,3873,3,0.154348,64.5608,0.0775,0.0399
2026-05-06,전면,57521,9040,7386,1251,14.439459,12.8405,16.9374,1.9550
2026-05-07,RV,22163,4249,3516,448,11.106762,15.8643,12.7418,3.1589
2026-05-07,배너,6236,3955,6848,3,0.343692,109.8140,0.0438,0.0502
2026-05-07,전면,45972,7254,7987,898,19.229537,17.3736,11.2433,2.4076
2026-05-08,RV,4985,10,3223,1,13.608810,64.6540,0.0310,4.2224
2026-05-08,배너,4453,7,10473,0,0.664472,235.1898,0.0000,0.0634
2026-05-08,전면,11236,374,7579,7,22.533582,67.4528,0.0924,2.9732
2026-05-09,RV,5540,14,3586,0,16.637212,64.7292,0.0000,4.6395
2026-05-09,배너,4792,5,7731,0,0.688070,161.3314,0.0000,0.0890
2026-05-09,전면,10239,47,7728,1,22.346189,75.4761,0.0129,2.8916
2026-05-10,RV,5868,16,3627,1,15.844640,61.8098,0.0276,4.3685
2026-05-10,배너,5050,2,6809,0,0.623210,134.8317,0.0000,0.0915
2026-05-10,전면,10653,27,8053,1,25.640104,75.5937,0.0124,3.1839
2026-05-11,RV,6188,20,3682,0,16.401139,59.5023,0.0000,4.4544
2026-05-11,배너,5455,13,7068,0,0.610105,129.5692,0.0000,0.0863
2026-05-11,전면,11402,33,8300,0,24.097976,72.7942,0.0000,2.9034
2026-05-12,RV,5791,0,3646,0,16.658916,62.9598,0.0000,4.5691
2026-05-12,배너,5206,0,7523,0,0.612084,144.5063,0.0000,0.0814
2026-05-12,전면,11162,6,8534,0,26.970952,76.4558,0.0000,3.1604
2026-05-13,RV,6063,13,3739,0,15.693413,61.6691,0.0000,4.1972
2026-05-13,배너,5338,5,6584,0,0.539600,123.3421,0.0000,0.0820
2026-05-13,전면,11389,14,8234,0,23.012797,72.2978,0.0000,2.7949
2026-05-14,RV,5980,0,3805,0,16.244370,63.6288,0.0000,4.2692
2026-05-14,배너,5325,0,6768,0,0.611750,127.0986,0.0000,0.0904
2026-05-14,전면,11182,4,8384,1,25.728062,74.9776,0.0119,3.0687
2026-05-15,RV,6229,23,3880,0,19.462528,62.2893,0.0000,5.0161
2026-05-15,배너,5524,14,6739,0,0.542413,121.9949,0.0000,0.0805
2026-05-15,전면,11404,23,8429,1,23.978662,73.9127,0.0119,2.8448
2026-05-16,RV,6089,0,3701,1,20.400448,60.7817,0.0270,5.5121
2026-05-16,배너,5311,0,6627,0,0.578068,124.7788,0.0000,0.0872
2026-05-16,전면,11077,2,8166,1,27.697759,73.7203,0.0122,3.3918
2026-05-17,RV,6060,12,3935,0,18.742349,64.9340,0.0000,4.7630
2026-05-17,배너,6010,6,7176,0,0.564735,119.4010,0.0000,0.0787
2026-05-17,전면,11955,13,8973,2,29.060525,75.0565,0.0223,3.2387
2026-05-18,RV,6397,13,3873,1,18.077032,60.5440,0.0258,4.6674
2026-05-18,배너,5566,6,6494,0,0.510001,116.6727,0.0000,0.0785
2026-05-18,전면,11680,16,8613,1,25.848358,73.7414,0.0116,3.0011
2026-05-19,RV,6220,14,3857,0,18.316712,62.0096,0.0000,4.7490
2026-05-19,배너,5433,2,6106,0,0.433216,112.3873,0.0000,0.0709
2026-05-19,전면,11305,21,8516,1,26.779715,75.3295,0.0117,3.1446
2026-05-20,RV,6596,13,4125,0,18.245368,62.5379,0.0000,4.4231
2026-05-20,배너,5592,7,7085,0,0.455021,126.6989,0.0000,0.0642
2026-05-20,전면,11415,16,8715,0,23.438899,76.3469,0.0000,2.6895
2026-05-21,RV,6553,16,4051,1,18.136948,61.8190,0.0247,4.4772
2026-05-21,배너,5659,2,8029,0,0.522464,141.8802,0.0000,0.0651
2026-05-21,전면,11739,13,8519,0,23.523705,72.5701,0.0000,2.7613
2026-05-22,RV,8941,13,6839,0,27.379999,76.4903,0.0000,4.0035
2026-05-22,배너,5493,4,7605,0,0.511674,138.4489,0.0000,0.0673
2026-05-22,전면,8254,11,5183,1,14.569391,62.7938,0.0193,2.8110
2026-05-23,RV,10568,18,8104,0,35.055966,76.6843,0.0000,4.3258
2026-05-23,배너,5421,5,7210,0,0.499790,133.0013,0.0000,0.0693
2026-05-23,전면,5754,11,3568,0,6.940468,62.0090,0.0000,1.9452
2026-05-24,RV,10421,19,7973,0,30.434525,76.5090,0.0000,3.8172
2026-05-24,배너,5286,3,8053,0,0.507047,152.3458,0.0000,0.0630
2026-05-24,전면,5596,10,3600,0,7.174804,64.3317,0.0000,1.9930
2026-05-25,RV,11217,16,8309,0,33.993736,74.0751,0.0000,4.0912
2026-05-25,배너,5683,1,8544,0,0.666490,150.3431,0.0000,0.0780
2026-05-25,전면,6107,12,3744,1,9.567012,61.3067,0.0267,2.5553
2026-05-26,RV,8201,15,4831,0,26.232767,58.9075,0.0000,5.4301
2026-05-26,배너,5851,2,8672,0,0.729148,148.2140,0.0000,0.0841
2026-05-26,전면,10042,10,7680,0,22.042641,76.4788,0.0000,2.8701
2026-05-27,RV,6287,0,4073,0,21.855031,64.7845,0.0000,5.3658
2026-05-27,배너,5512,0,7600,0,0.594452,137.8810,0.0000,0.0782
2026-05-27,전면,11268,2,8742,0,34.593006,77.5825,0.0000,3.9571
2026-05-28,RV,6850,7,4210,0,30.411489,61.4599,0.0000,7.2236
2026-05-28,배너,5919,2,8296,0,0.605260,140.1588,0.0000,0.0730
2026-05-28,전면,12074,15,9103,0,41.888225,75.3934,0.0000,4.6016
2026-05-29,RV,6450,0,4061,0,19.543991,62.9612,0.0000,4.8126
2026-05-29,배너,5706,0,8806,0,0.578569,154.3288,0.0000,0.0657
2026-05-29,전면,11831,0,8936,0,30.688298,75.5304,0.0000,3.4342
2026-05-30,RV,6395,0,4048,0,22.994351,63.2995,0.0000,5.6804
2026-05-30,배너,5611,0,8257,0,0.576321,147.1574,0.0000,0.0698
2026-05-30,전면,11613,0,8669,0,31.829287,74.6491,0.0000,3.6716
2026-05-31,RV,6944,0,4283,0,22.063362,61.6791,0.0000,5.1514
2026-05-31,배너,6061,0,8633,0,0.583782,142.4352,0.0000,0.0676
2026-05-31,전면,12034,2,9139,0,33.418888,75.9432,0.0000,3.6567
2026-06-01,RV,6819,0,4219,0,20.989470,61.8712,0.0000,4.9750
2026-06-01,배너,5818,0,8884,0,0.758271,152.6985,0.0000,0.0854
2026-06-01,전면,12015,2,8895,0,30.891825,74.0325,0.0000,3.4729
2026-06-02,RV,6690,0,4335,0,24.551986,64.7982,0.0000,5.6637
2026-06-02,배너,9524,0,17823,0,2.134370,187.1378,0.0000,0.1198
2026-06-02,전면,12124,2,8837,0,41.195283,72.8885,0.0000,4.6617
2026-06-03,RV,8018,0,4925,0,23.775997,61.4243,0.0000,4.8276
2026-06-03,배너,13472,0,19547,0,2.915047,145.0935,0.0000,0.1491
2026-06-03,전면,12369,0,8959,0,35.527563,72.4311,0.0000,3.9656
2026-06-04,RV,7812,0,4861,0,26.601592,62.2248,0.0000,5.4725
2026-06-04,배너,13461,0,18443,0,2.373418,137.0106,0.0000,0.1287
2026-06-04,전면,11897,0,9053,0,38.871753,76.0948,0.0000,4.2938
2026-06-05,RV,7414,0,4636,0,22.224944,62.5303,0.0000,4.7940
2026-06-05,배너,12869,0,14030,0,1.202226,109.0217,0.0000,0.0857
2026-06-05,전면,11414,0,8780,0,31.081688,76.9231,0.0000,3.5401
2026-06-06,RV,7282,0,4591,0,18.307538,63.0459,0.0000,3.9877
2026-06-06,배너,12823,0,18696,0,1.206322,145.8005,0.0000,0.0645
2026-06-06,전면,11267,0,8649,0,31.360140,76.7640,0.0000,3.6259
2026-06-07,RV,7527,0,4823,0,20.038542,64.0760,0.0000,4.1548
2026-06-07,배너,13206,0,18548,0,1.084749,140.4513,0.0000,0.0585
2026-06-07,전면,11610,2,9066,0,28.230864,78.0879,0.0000,3.1139
2026-06-08,RV,7431,0,4635,0,19.520141,62.3738,0.0000,4.2115
2026-06-08,배너,13031,0,18966,0,1.178002,145.5452,0.0000,0.0621
2026-06-08,전면,11606,0,8857,0,29.562268,76.3140,0.0000,3.3377
2026-06-09,RV,7331,0,4715,0,22.404727,64.3159,0.0000,4.7518
2026-06-09,배너,13125,0,15398,0,1.182896,117.3181,0.0000,0.0768
2026-06-09,전면,11467,0,9104,0,34.503009,79.3930,0.0000,3.7899
2026-06-10,RV,7484,1,4684,0,19.411568,62.5869,0.0000,4.1442
2026-06-10,배너,13153,0,15602,0,1.451345,118.6193,0.0000,0.0930
2026-06-10,전면,11597,0,9073,0,37.450526,78.2358,0.0000,4.1277
