date,country,transacting_users,rewarded_users,reward_events,reversal_events,points_awarded,points_deducted,net_points,gross_revenue_usd,reversed_revenue_usd,net_revenue_usd,source_timezone,source
2026-07-13,JP,0,0,0,0,0,0,0,0.0,0.0,0.0,Asia/Seoul,Supabase cpx_research_history aggregate
2026-07-13,KR,0,0,0,0,0,0,0,0.0,0.0,0.0,Asia/Seoul,Supabase cpx_research_history aggregate
2026-07-14,JP,0,0,0,0,0,0,0,0.0,0.0,0.0,Asia/Seoul,Supabase cpx_research_history aggregate
2026-07-14,KR,7,7,9,0,517,0,517,1.28,0.0,1.28,Asia/Seoul,Supabase cpx_research_history aggregate
2026-07-15,JP,0,0,0,0,0,0,0,0.0,0.0,0.0,Asia/Seoul,Supabase cpx_research_history aggregate
2026-07-15,KR,3,3,4,0,173,0,173,0.46,0.0,0.46,Asia/Seoul,Supabase cpx_research_history aggregate
2026-07-16,JP,0,0,0,0,0,0,0,0.0,0.0,0.0,Asia/Seoul,Supabase cpx_research_history aggregate
2026-07-16,KR,3,3,3,1,787,171,616,2.46,0.57,1.89,Asia/Seoul,Supabase cpx_research_history aggregate
2026-07-17,JP,0,0,0,0,0,0,0,0.0,0.0,0.0,Asia/Seoul,Supabase cpx_research_history aggregate
2026-07-17,KR,5,5,16,0,410,0,410,0.41,0.0,0.41,Asia/Seoul,Supabase cpx_research_history aggregate
2026-07-18,JP,0,0,0,0,0,0,0,0.0,0.0,0.0,Asia/Seoul,Supabase cpx_research_history aggregate
2026-07-18,KR,6,6,12,0,1208,0,1208,3.56,0.0,3.56,Asia/Seoul,Supabase cpx_research_history aggregate
2026-07-19,JP,0,0,0,0,0,0,0,0.0,0.0,0.0,Asia/Seoul,Supabase cpx_research_history aggregate
2026-07-19,KR,3,3,5,0,711,0,711,2.16,0.0,2.16,Asia/Seoul,Supabase cpx_research_history aggregate
2026-07-20,JP,0,0,0,0,0,0,0,0.0,0.0,0.0,Asia/Seoul,Supabase cpx_research_history aggregate
2026-07-20,KR,1,1,1,0,366,0,366,1.22,0.0,1.22,Asia/Seoul,Supabase cpx_research_history aggregate
2026-07-21,JP,0,0,0,0,0,0,0,0.0,0.0,0.0,Asia/Seoul,Supabase cpx_research_history aggregate
2026-07-21,KR,8,8,14,0,944,0,944,2.47,0.0,2.47,Asia/Seoul,Supabase cpx_research_history aggregate
2026-07-22,JP,0,0,0,0,0,0,0,0.0,0.0,0.0,Asia/Seoul,Supabase cpx_research_history aggregate
2026-07-22,KR,4,4,8,0,310,0,310,0.52,0.0,0.52,Asia/Seoul,Supabase cpx_research_history aggregate
2026-07-23,JP,0,0,0,0,0,0,0,0.0,0.0,0.0,Asia/Seoul,Supabase cpx_research_history aggregate
2026-07-23,KR,4,4,4,0,240,0,240,0.59,0.0,0.59,Asia/Seoul,Supabase cpx_research_history aggregate
2026-07-24,JP,0,0,0,0,0,0,0,0.0,0.0,0.0,Asia/Seoul,Supabase cpx_research_history aggregate
2026-07-24,KR,6,6,9,0,860,0,860,2.68,0.0,2.68,Asia/Seoul,Supabase cpx_research_history aggregate
2026-07-25,JP,0,0,0,0,0,0,0,0.0,0.0,0.0,Asia/Seoul,Supabase cpx_research_history aggregate
2026-07-25,KR,5,4,7,1,332,333,-1,0.85,1.11,-0.26,Asia/Seoul,Supabase cpx_research_history aggregate
2026-07-26,JP,0,0,0,0,0,0,0,0.0,0.0,0.0,Asia/Seoul,Supabase cpx_research_history aggregate
2026-07-26,KR,3,3,7,1,210,423,-213,0.21,1.41,-1.2,Asia/Seoul,Supabase cpx_research_history aggregate
2026-07-27,JP,0,0,0,0,0,0,0,0.0,0.0,0.0,Asia/Seoul,Supabase cpx_research_history aggregate
2026-07-27,KR,2,2,7,0,347,0,347,1.04,0.0,1.04,Asia/Seoul,Supabase cpx_research_history aggregate
2026-07-28,JP,0,0,0,0,0,0,0,0.0,0.0,0.0,Asia/Seoul,Supabase cpx_research_history aggregate
2026-07-28,KR,5,5,7,0,584,0,584,1.69,0.0,1.69,Asia/Seoul,Supabase cpx_research_history aggregate
2026-07-29,JP,0,0,0,0,0,0,0,0.0,0.0,0.0,Asia/Seoul,Supabase cpx_research_history aggregate
2026-07-29,KR,6,6,6,0,421,0,421,1.17,0.0,1.17,Asia/Seoul,Supabase cpx_research_history aggregate
2026-07-30,JP,0,0,0,0,0,0,0,0.0,0.0,0.0,Asia/Seoul,Supabase cpx_research_history aggregate
2026-07-30,KR,3,2,3,1,659,252,407,2.08,0.84,1.24,Asia/Seoul,Supabase cpx_research_history aggregate
2026-07-31,JP,0,0,0,0,0,0,0,0.0,0.0,0.0,Asia/Seoul,Supabase cpx_research_history aggregate
2026-07-31,KR,2,2,2,0,40,0,40,0.04,0.0,0.04,Asia/Seoul,Supabase cpx_research_history aggregate
2026-08-01,JP,0,0,0,0,0,0,0,0.0,0.0,0.0,Asia/Seoul,Supabase cpx_research_history aggregate
2026-08-01,KR,4,4,13,0,486,0,486,0.92,0.0,0.92,Asia/Seoul,Supabase cpx_research_history aggregate
2026-08-02,JP,0,0,0,0,0,0,0,0.0,0.0,0.0,Asia/Seoul,Supabase cpx_research_history aggregate
2026-08-02,KR,2,2,5,0,923,0,923,2.82,0.0,2.82,Asia/Seoul,Supabase cpx_research_history aggregate
2026-08-03,JP,0,0,0,0,0,0,0,0.0,0.0,0.0,Asia/Seoul,Supabase cpx_research_history aggregate
2026-08-03,KR,2,2,5,0,559,0,559,1.7,0.0,1.7,Asia/Seoul,Supabase cpx_research_history aggregate
2026-08-04,JP,0,0,0,0,0,0,0,0.0,0.0,0.0,Asia/Seoul,Supabase cpx_research_history aggregate
2026-08-04,KR,5,5,13,0,467,0,467,0.95,0.0,0.95,Asia/Seoul,Supabase cpx_research_history aggregate
2026-08-05,JP,0,0,0,0,0,0,0,0.0,0.0,0.0,Asia/Seoul,Supabase cpx_research_history aggregate
2026-08-05,KR,5,5,6,0,813,0,813,2.57,0.0,2.57,Asia/Seoul,Supabase cpx_research_history aggregate
2026-08-06,JP,0,0,0,0,0,0,0,0.0,0.0,0.0,Asia/Seoul,Supabase cpx_research_history aggregate
2026-08-06,KR,3,3,5,0,240,0,240,0.24,0.0,0.24,Asia/Seoul,Supabase cpx_research_history aggregate
2026-08-07,JP,0,0,0,0,0,0,0,0.0,0.0,0.0,Asia/Seoul,Supabase cpx_research_history aggregate
2026-08-07,KR,3,3,5,0,239,0,239,0.47,0.0,0.47,Asia/Seoul,Supabase cpx_research_history aggregate
2026-08-08,JP,1,1,2,0,909,0,909,3.03,0.0,3.03,Asia/Seoul,Supabase cpx_research_history aggregate
2026-08-08,KR,7,7,8,0,300,0,300,0.3,0.0,0.3,Asia/Seoul,Supabase cpx_research_history aggregate
2026-08-09,JP,0,0,0,0,0,0,0,0.0,0.0,0.0,Asia/Seoul,Supabase cpx_research_history aggregate
2026-08-09,KR,9,9,19,0,2116,0,2116,6.05,0.0,6.05,Asia/Seoul,Supabase cpx_research_history aggregate
2026-08-10,JP,1,1,2,0,30,0,30,0.03,0.0,0.03,Asia/Seoul,Supabase cpx_research_history aggregate
2026-08-10,KR,5,5,8,0,348,0,348,0.53,0.0,0.53,Asia/Seoul,Supabase cpx_research_history aggregate
2026-08-11,JP,0,0,0,0,0,0,0,0.0,0.0,0.0,Asia/Seoul,Supabase cpx_research_history aggregate
2026-08-11,KR,6,6,13,0,1780,0,1780,5.63,0.0,5.63,Asia/Seoul,Supabase cpx_research_history aggregate
2026-08-12,JP,1,1,2,0,30,0,30,0.03,0.0,0.03,Asia/Seoul,Supabase cpx_research_history aggregate
2026-08-12,KR,7,7,12,1,1087,387,700,2.97,1.29,1.68,Asia/Seoul,Supabase cpx_research_history aggregate
2026-08-13,JP,1,1,2,0,70,0,70,0.07,0.0,0.07,Asia/Seoul,Supabase cpx_research_history aggregate
2026-08-13,KR,5,5,9,0,1350,0,1350,4.22,0.0,4.22,Asia/Seoul,Supabase cpx_research_history aggregate
2026-08-14,JP,0,0,0,0,0,0,0,0.0,0.0,0.0,Asia/Seoul,Supabase cpx_research_history aggregate
2026-08-14,KR,6,6,9,0,1904,0,1904,6.23,0.0,6.23,Asia/Seoul,Supabase cpx_research_history aggregate
2026-08-15,JP,0,0,0,0,0,0,0,0.0,0.0,0.0,Asia/Seoul,Supabase cpx_research_history aggregate
2026-08-15,KR,4,4,10,0,1588,0,1588,5.2,0.0,5.2,Asia/Seoul,Supabase cpx_research_history aggregate
2026-08-16,JP,0,0,0,0,0,0,0,0.0,0.0,0.0,Asia/Seoul,Supabase cpx_research_history aggregate
2026-08-16,KR,5,5,9,0,600,0,600,1.58,0.0,1.58,Asia/Seoul,Supabase cpx_research_history aggregate
2026-08-17,JP,0,0,0,0,0,0,0,0.0,0.0,0.0,Asia/Seoul,Supabase cpx_research_history aggregate
2026-08-17,KR,6,6,16,0,1478,0,1478,4.25,0.0,4.25,Asia/Seoul,Supabase cpx_research_history aggregate
2026-08-18,JP,0,0,0,0,0,0,0,0.0,0.0,0.0,Asia/Seoul,Supabase cpx_research_history aggregate
2026-08-18,KR,7,7,11,0,1043,0,1043,3.15,0.0,3.15,Asia/Seoul,Supabase cpx_research_history aggregate
2026-08-19,JP,0,0,0,0,0,0,0,0.0,0.0,0.0,Asia/Seoul,Supabase cpx_research_history aggregate
2026-08-19,KR,7,7,14,0,1815,0,1815,5.84,0.0,5.84,Asia/Seoul,Supabase cpx_research_history aggregate
2026-08-20,JP,1,1,1,0,20,0,20,0.02,0.0,0.02,Asia/Seoul,Supabase cpx_research_history aggregate
2026-08-20,KR,4,4,5,0,1385,0,1385,4.57,0.0,4.57,Asia/Seoul,Supabase cpx_research_history aggregate
2026-08-21,JP,0,0,0,0,0,0,0,0.0,0.0,0.0,Asia/Seoul,Supabase cpx_research_history aggregate
2026-08-21,KR,2,2,11,0,1932,0,1932,5.95,0.0,5.95,Asia/Seoul,Supabase cpx_research_history aggregate
2026-08-22,JP,0,0,0,0,0,0,0,0.0,0.0,0.0,Asia/Seoul,Supabase cpx_research_history aggregate
2026-08-22,KR,1,1,2,0,393,0,393,1.31,0.0,1.31,Asia/Seoul,Supabase cpx_research_history aggregate
2026-08-23,JP,1,1,1,0,285,0,285,0.95,0.0,0.95,Asia/Seoul,Supabase cpx_research_history aggregate
2026-08-23,KR,4,4,4,0,1191,0,1191,3.97,0.0,3.97,Asia/Seoul,Supabase cpx_research_history aggregate
2026-08-24,JP,0,0,0,0,0,0,0,0.0,0.0,0.0,Asia/Seoul,Supabase cpx_research_history aggregate
2026-08-24,KR,1,1,1,0,21,0,21,0.07,0.0,0.07,Asia/Seoul,Supabase cpx_research_history aggregate
