date,country,clicks,conversion_rate,revenue_per_click_usd,revenue_per_active_user_usd,active_users,complete_revenue_usd,complete_count,canceled_rate,canceled_revenue_usd,canceled_count,screenout_revenue_usd,screenout_count,rating_revenue_usd,rating_count,net_revenue_usd,source_timezone,source
2026-07-13,JP,0,0.0,0.0,0.0,0,0.0,0,0.0,0.0,0,0.0,0,0.0,0,0.0,CET,CPX publisher daily statistics
2026-07-13,KR,4,0.0,0.01,0.03,2,0.0,0,0.0,0.0,0,0.05,2,0.0,0,0.05,CET,CPX publisher daily statistics
2026-07-14,JP,0,0.0,0.0,0.0,0,0.0,0,0.0,0.0,0,0.0,0,0.0,0,0.0,CET,CPX publisher daily statistics
2026-07-14,KR,41,0.1,0.04,0.09,18,1.5,4,0.0,0.0,0,0.17,19,0.0,4,1.67,CET,CPX publisher daily statistics
2026-07-15,JP,0,0.0,0.0,0.0,0,0.0,0,0.0,0.0,0,0.0,0,0.0,0,0.0,CET,CPX publisher daily statistics
2026-07-15,KR,18,0.0,0.0,0.0,6,0.0,0,0.0,0.0,0,0.02,10,0.0,0,0.02,CET,CPX publisher daily statistics
2026-07-16,JP,0,0.0,0.0,0.0,0,0.0,0,0.0,0.0,0,0.0,0,0.0,0,0.0,CET,CPX publisher daily statistics
2026-07-16,KR,20,0.1,0.12,0.25,10,2.96,2,0.3333,0.57,1,0.07,8,0.0,3,2.46,CET,CPX publisher daily statistics
2026-07-17,JP,0,0.0,0.0,0.0,0,0.0,0,0.0,0.0,0,0.0,0,0.0,0,0.0,CET,CPX publisher daily statistics
2026-07-17,KR,35,0.0,0.01,0.03,12,0.0,0,0.0,0.0,0,0.41,25,0.0,0,0.41,CET,CPX publisher daily statistics
2026-07-18,JP,0,0.0,0.0,0.0,0,0.0,0,0.0,0.0,0,0.0,0,0.0,0,0.0,CET,CPX publisher daily statistics
2026-07-18,KR,35,0.06,0.1,0.21,17,3.36,2,0.0,0.0,0,0.23,18,0.0,2,3.59,CET,CPX publisher daily statistics
2026-07-19,JP,0,0.0,0.0,0.0,0,0.0,0,0.0,0.0,0,0.0,0,0.0,0,0.0,CET,CPX publisher daily statistics
2026-07-19,KR,14,0.14,0.15,0.3,7,2.07,2,0.0,0.0,0,0.06,9,0.0,1,2.13,CET,CPX publisher daily statistics
2026-07-20,JP,0,0.0,0.0,0.0,0,0.0,0,0.0,0.0,0,0.0,0,0.0,0,0.0,CET,CPX publisher daily statistics
2026-07-20,KR,22,0.05,0.06,0.11,12,1.22,1,0.0,0.0,0,0.15,10,0.0,1,1.37,CET,CPX publisher daily statistics
2026-07-21,JP,0,0.0,0.0,0.0,0,0.0,0,0.0,0.0,0,0.0,0,0.0,0,0.0,CET,CPX publisher daily statistics
2026-07-21,KR,34,0.12,0.07,0.15,15,2.18,4,0.0,0.0,0,0.13,18,0.01,4,2.32,CET,CPX publisher daily statistics
2026-07-22,JP,0,0.0,0.0,0.0,0,0.0,0,0.0,0.0,0,0.0,0,0.0,0,0.0,CET,CPX publisher daily statistics
2026-07-22,KR,46,0.02,0.01,0.03,17,0.3,1,0.0,0.0,0,0.25,25,0.0,2,0.55,CET,CPX publisher daily statistics
2026-07-23,JP,0,0.0,0.0,0.0,0,0.0,0,0.0,0.0,0,0.0,0,0.0,0,0.0,CET,CPX publisher daily statistics
2026-07-23,KR,26,0.0,0.0,0.0,13,0.0,0,0.0,0.0,0,0.06,18,0.0,0,0.06,CET,CPX publisher daily statistics
2026-07-24,JP,0,0.0,0.0,0.0,0,0.0,0,0.0,0.0,0,0.0,0,0.0,0,0.0,CET,CPX publisher daily statistics
2026-07-24,KR,30,0.1,0.09,0.21,13,2.6,3,0.0,0.0,0,0.07,14,0.01,3,2.68,CET,CPX publisher daily statistics
2026-07-25,JP,0,0.0,0.0,0.0,0,0.0,0,0.0,0.0,0,0.0,0,0.0,0,0.0,CET,CPX publisher daily statistics
2026-07-25,KR,47,0.06,0.02,0.05,19,1.85,3,0.25,1.11,1,0.15,22,0.01,4,0.9,CET,CPX publisher daily statistics
2026-07-26,JP,0,0.0,0.0,0.0,0,0.0,0,0.0,0.0,0,0.0,0,0.0,0,0.0,CET,CPX publisher daily statistics
2026-07-26,KR,24,0.04,0.01,0.01,13,1.41,1,0.5,1.41,1,0.15,15,0.01,1,0.16,CET,CPX publisher daily statistics
2026-07-27,JP,0,0.0,0.0,0.0,0,0.0,0,0.0,0.0,0,0.0,0,0.0,0,0.0,CET,CPX publisher daily statistics
2026-07-27,KR,29,0.17,0.09,0.22,12,2.57,5,0.0,0.0,0,0.05,16,0.03,4,2.65,CET,CPX publisher daily statistics
2026-07-28,JP,0,0.0,0.0,0.0,0,0.0,0,0.0,0.0,0,0.0,0,0.0,0,0.0,CET,CPX publisher daily statistics
2026-07-28,KR,24,0.0,0.0,0.01,14,0.0,0,0.0,0.0,0,0.1,12,0.0,0,0.1,CET,CPX publisher daily statistics
2026-07-29,JP,0,0.0,0.0,0.0,0,0.0,0,0.0,0.0,0,0.0,0,0.0,0,0.0,CET,CPX publisher daily statistics
2026-07-29,KR,28,0.07,0.04,0.07,17,1.91,2,0.3333,0.84,1,0.08,16,0.0,1,1.15,CET,CPX publisher daily statistics
2026-07-30,JP,0,0.0,0.0,0.0,0,0.0,0,0.0,0.0,0,0.0,0,0.0,0,0.0,CET,CPX publisher daily statistics
2026-07-30,KR,17,0.12,0.12,0.23,9,2.03,2,0.0,0.0,0,0.07,6,0.0,1,2.1,CET,CPX publisher daily statistics
2026-07-31,JP,0,0.0,0.0,0.0,0,0.0,0,0.0,0.0,0,0.0,0,0.0,0,0.0,CET,CPX publisher daily statistics
2026-07-31,KR,10,0.0,0.0,0.01,6,0.0,0,0.0,0.0,0,0.04,3,0.0,0,0.04,CET,CPX publisher daily statistics
2026-08-01,JP,0,0.0,0.0,0.0,0,0.0,0,0.0,0.0,0,0.0,0,0.0,0,0.0,CET,CPX publisher daily statistics
2026-08-01,KR,46,0.07,0.03,0.15,10,1.11,3,0.0,0.0,0,0.38,26,0.0,1,1.49,CET,CPX publisher daily statistics
2026-08-02,JP,0,0.0,0.0,0.0,0,0.0,0,0.0,0.0,0,0.0,0,0.0,0,0.0,CET,CPX publisher daily statistics
2026-08-02,KR,14,0.21,0.28,0.56,7,3.85,3,0.0,0.0,0,0.08,9,0.0,1,3.93,CET,CPX publisher daily statistics
2026-08-03,JP,0,0.0,0.0,0.0,0,0.0,0,0.0,0.0,0,0.0,0,0.0,0,0.0,CET,CPX publisher daily statistics
2026-08-03,KR,25,0.04,0.02,0.05,11,0.49,1,0.0,0.0,0,0.02,8,0.0,0,0.51,CET,CPX publisher daily statistics
2026-08-04,JP,0,0.0,0.0,0.0,0,0.0,0,0.0,0.0,0,0.0,0,0.0,0,0.0,CET,CPX publisher daily statistics
2026-08-04,KR,20,0.05,0.02,0.04,12,0.2,1,0.0,0.0,0,0.24,17,0.0,0,0.44,CET,CPX publisher daily statistics
2026-08-05,JP,2,0.0,0.0,0.0,1,0.0,0,0.0,0.0,0,0.0,1,0.0,0,0.0,CET,CPX publisher daily statistics
2026-08-05,KR,17,0.12,0.15,0.21,12,2.51,2,0.0,0.0,0,0.05,9,0.01,3,2.57,CET,CPX publisher daily statistics
2026-08-06,JP,1,0.0,0.0,0.0,1,0.0,0,0.0,0.0,0,0.0,0,0.0,0,0.0,CET,CPX publisher daily statistics
2026-08-06,KR,15,0.07,0.04,0.07,9,0.33,1,0.0,0.0,0,0.27,12,0.0,2,0.6,CET,CPX publisher daily statistics
2026-08-07,JP,0,0.0,0.0,0.0,0,0.0,0,0.0,0.0,0,0.0,0,0.0,0,0.0,CET,CPX publisher daily statistics
2026-08-07,KR,62,0.0,0.0,0.02,12,0.0,0,0.0,0.0,0,0.2,51,0.0,0,0.2,CET,CPX publisher daily statistics
2026-08-08,JP,3,0.67,1.01,3.03,1,3.03,2,0.0,0.0,0,0.0,2,0.0,0,3.03,CET,CPX publisher daily statistics
2026-08-08,KR,53,0.0,0.0,0.02,11,0.0,0,0.0,0.0,0,0.26,43,0.0,0,0.26,CET,CPX publisher daily statistics
2026-08-09,JP,0,0.0,0.0,0.0,0,0.0,0,0.0,0.0,0,0.0,0,0.0,0,0.0,CET,CPX publisher daily statistics
2026-08-09,KR,40,0.18,0.15,0.38,16,5.62,7,0.0,0.0,0,0.43,26,0.0,5,6.05,CET,CPX publisher daily statistics
2026-08-10,JP,2,0.0,0.02,0.03,1,0.0,0,0.0,0.0,0,0.03,2,0.0,0,0.03,CET,CPX publisher daily statistics
2026-08-10,KR,15,0.13,0.23,0.32,11,3.26,2,0.0,0.0,0,0.22,11,0.01,1,3.49,CET,CPX publisher daily statistics
2026-08-11,JP,1,0.0,0.0,0.0,1,0.0,0,0.0,0.0,0,0.0,0,0.0,0,0.0,CET,CPX publisher daily statistics
2026-08-11,KR,87,0.07,0.04,0.11,36,3.73,6,0.0,0.0,0,0.17,58,0.01,4,3.91,CET,CPX publisher daily statistics
2026-08-12,JP,5,0.0,0.01,0.02,2,0.0,0,0.0,0.0,0,0.03,5,0.0,0,0.03,CET,CPX publisher daily statistics
2026-08-12,KR,69,0.06,0.06,0.11,36,5.03,4,0.2,1.29,1,0.28,45,0.0,3,4.02,CET,CPX publisher daily statistics
2026-08-13,JP,2,0.0,0.04,0.07,1,0.0,0,0.0,0.0,0,0.07,2,0.0,0,0.07,CET,CPX publisher daily statistics
2026-08-13,KR,41,0.05,0.05,0.09,20,1.82,2,0.0,0.0,0,0.05,28,0.01,3,1.88,CET,CPX publisher daily statistics
2026-08-14,JP,0,0.0,0.0,0.0,0,0.0,0,0.0,0.0,0,0.0,0,0.0,0,0.0,CET,CPX publisher daily statistics
2026-08-14,KR,60,0.17,0.15,0.4,22,8.84,10,0.0,0.0,0,0.03,37,0.02,4,8.89,CET,CPX publisher daily statistics
2026-08-15,JP,3,0.0,0.0,0.0,2,0.0,0,0.0,0.0,0,0.0,1,0.0,0,0.0,CET,CPX publisher daily statistics
2026-08-15,KR,60,0.05,0.04,0.15,17,2.5,3,0.0,0.0,0,0.11,40,0.0,1,2.61,CET,CPX publisher daily statistics
2026-08-16,JP,0,0.0,0.0,0.0,0,0.0,0,0.0,0.0,0,0.0,0,0.0,0,0.0,CET,CPX publisher daily statistics
2026-08-16,KR,43,0.09,0.04,0.11,15,1.5,4,0.0,0.0,0,0.16,24,0.01,5,1.67,CET,CPX publisher daily statistics
2026-08-17,JP,2,0.0,0.0,0.0,1,0.0,0,0.0,0.0,0,0.0,1,0.0,0,0.0,CET,CPX publisher daily statistics
2026-08-17,KR,53,0.08,0.09,0.26,19,4.7,4,0.0,0.0,0,0.26,34,0.0,3,4.96,CET,CPX publisher daily statistics
2026-08-18,JP,0,0.0,0.0,0.0,0,0.0,0,0.0,0.0,0,0.0,0,0.0,0,0.0,CET,CPX publisher daily statistics
2026-08-18,KR,41,0.17,0.09,0.2,19,3.58,7,0.0,0.0,0,0.18,21,0.01,2,3.77,CET,CPX publisher daily statistics
2026-08-19,JP,0,0.0,0.0,0.0,0,0.0,0,0.0,0.0,0,0.0,0,0.0,0,0.0,CET,CPX publisher daily statistics
2026-08-19,KR,55,0.13,0.08,0.26,17,4.34,7,0.0,0.0,0,0.02,40,0.0,4,4.36,CET,CPX publisher daily statistics
2026-08-20,JP,1,0.0,0.02,0.02,1,0.0,0,0.0,0.0,0,0.02,1,0.0,0,0.02,CET,CPX publisher daily statistics
2026-08-20,KR,30,0.17,0.28,0.61,14,8.39,5,0.0,0.0,0,0.1,15,0.01,4,8.5,CET,CPX publisher daily statistics
2026-08-21,JP,5,0.0,0.0,0.0,1,0.0,0,0.0,0.0,0,0.0,0,0.0,0,0.0,CET,CPX publisher daily statistics
2026-08-21,KR,36,0.06,0.09,0.44,7,2.95,2,0.0,0.0,0,0.11,16,0.0,2,3.06,CET,CPX publisher daily statistics
2026-08-22,JP,0,0.0,0.0,0.0,0,0.0,0,0.0,0.0,0,0.0,0,0.0,0,0.0,CET,CPX publisher daily statistics
2026-08-22,KR,44,0.09,0.07,0.18,17,3.07,4,0.0,0.0,0,0.0,21,0.0,2,3.07,CET,CPX publisher daily statistics
2026-08-23,JP,3,0.33,0.32,0.48,2,0.95,1,0.0,0.0,0,0.0,1,0.0,0,0.95,CET,CPX publisher daily statistics
2026-08-23,KR,23,0.04,0.05,0.09,13,1.16,1,0.0,0.0,0,0.0,15,0.0,0,1.16,CET,CPX publisher daily statistics
2026-08-24,JP,0,0.0,0.0,0.0,0,0.0,0,0.0,0.0,0,0.0,0,0.0,0,0.0,CET,CPX publisher daily statistics
2026-08-24,KR,23,0.04,0.0,0.01,11,0.07,1,0.0,0.0,0,0.0,13,0.0,1,0.07,CET,CPX publisher daily statistics
