date,active_users,signup_count,new_participants_first_ad,reward_points_total,reward_events_total,withdrawal_count_total,withdrawal_points_total,giftcard_order_count_total,giftcard_point_amount_total,giftcard_purchase_amount_total,giftcard_sell_price_total,supabase_ad_revenue_usd,supabase_ad_revenue_krw,supabase_ad_event_count,adpopcorn_revenue_usd,adpopcorn_revenue_krw,adpopcorn_request_count,adpopcorn_response_count,adpopcorn_impression_count,adpopcorn_click_count,adpopcorn_fill_rate,adpopcorn_ecpm,preferred_revenue_usd,preferred_revenue_krw,google_ads_cost_krw,google_ads_conversions,google_ads_impressions,google_ads_cpa_krw
2026-04-14,938,31,23,50287,8785,11,32000,0,0,0,0,20.374024,29127,8760,0.128774,184,863,347,154,73,17.84,0.8362,0.128774,184,,,,
2026-04-15,898,21,18,45788,8206,5,12000,0,0,0,0,21.949840,31379,8319,0.305748,437,1309,23,325,188,24.83,0.9408,0.305748,437,,,,
2026-04-16,901,34,29,37802,11249,5,17000,5,12500,11850,12000,1.801225,2575,353,25.362987,36259,48439,19747,15500,2974,32.00,1.6363,25.362987,36259,0,0,0,0
2026-04-17,945,28,22,39231,11744,4,12000,3,5200,4560,4700,,,,26.248853,37525,40350,21825,16733,1428,41.47,1.5687,26.248853,37525,0,0,0,0
2026-04-18,913,23,21,39294,11619,1,3000,4,8000,7820,8000,,,,26.737453,38224,37212,22486,16595,1460,44.60,1.6112,26.737453,38224,0,0,0,0
2026-04-19,911,24,16,38172,11485,2,6000,5,12500,11830,12000,,,,28.863922,41264,34984,20290,15101,1699,43.17,1.9114,28.863922,41264,0,0,0,0
2026-04-20,912,22,20,38588,11333,0,0,3,8500,7920,8000,,,,25.495984,36449,43808,19676,14551,1745,33.22,1.7522,25.495984,36449,0,0,0,0
2026-04-21,886,34,49,37201,10957,3,13000,2,3000,2400,2500,,,,27.400300,39171,60017,18292,14661,2127,24.43,1.8689,27.400300,39171,13203,33,3114,400
2026-04-22,940,66,71,40126,11636,5,17000,3,5000,3960,4000,,,,28.524261,40778,61482,19789,15203,1892,24.73,1.8762,28.524261,40778,15028,56,4294,268
2026-04-23,961,79,51,39193,11663,1,3000,6,14500,12850,13200,,,,30.984222,44295,60074,20586,15577,1818,25.93,1.9891,30.984222,44295,15583,55,6126,283
2026-04-24,942,69,68,39618,11589,0,0,0,0,0,0,,,,30.217773,43199,75284,20123,15156,1747,20.13,1.9938,30.217773,43199,16069,55,9189,292
2026-04-25,963,94,65,38270,11593,2,6000,3,5000,3910,4000,,,,32.035847,45798,82942,20415,15464,1695,18.64,2.0716,32.035847,45798,13899,66,5403,211
2026-04-26,991,88,72,40429,12026,0,0,4,17000,16890,17000,,,,32.152423,45965,78952,21670,16779,1793,21.25,1.9162,32.152423,45965,15294,57,5356,268
2026-04-27,965,66,61,38752,11678,2,6000,2,5000,4950,5000,,,,30.122853,43063,98203,21181,16478,1947,16.78,1.8281,30.122853,43063,13306,52,6226,256
2026-04-28,965,67,45,39196,11482,2,6000,1,1500,990,1000,,,,28.117016,40196,106457,19456,15077,2046,14.16,1.8649,28.117016,40196,18389,63,10435,292
2026-04-29,952,39,28,38277,11276,5,19000,5,19500,17720,18000,,,,26.458951,37825,120691,19341,15374,2105,12.74,1.7210,26.458951,37825,15133,43,9598,352
2026-04-30,908,51,48,35930,10845,2,6000,4,9800,9610,9800,,,,24.766304,35406,118272,18834,14840,1866,12.55,1.6689,24.766304,35406,14057,42,9223,335
2026-05-01,934,52,46,37457,11119,7,21000,2,4500,3960,4000,,,,26.113030,37331,117984,18501,14632,1917,12.40,1.7847,26.113030,37331,15582,41,7801,380
2026-05-02,911,47,39,36005,10966,1,3000,3,8500,7770,8000,,,,24.907450,35607,117217,18199,14196,1972,12.11,1.7545,24.907450,35607,14078,41,6615,343
2026-05-03,929,41,47,36164,10984,3,9000,5,10100,9630,10100,,,,25.747125,36808,119387,18182,14296,2005,11.97,1.8010,25.747125,36808,15188,31,6988,490
2026-05-04,906,37,27,37473,11031,5,17000,1,3000,2970,3000,,,,24.123951,34487,112154,18009,14223,1867,12.68,1.6961,24.123951,34487,15160,29,6106,523
2026-05-05,915,35,28,36600,10860,3,9000,3,7000,6830,7000,,,,24.249016,34666,117074,18593,14589,1731,12.46,1.6621,24.249016,34666,14662,27,932,543
2026-05-06,864,25,20,36032,10692,3,9000,3,5300,4660,4800,,,,23.455665,33532,90244,18004,14356,1773,15.91,1.6339,23.455665,33532,9329,13,617,718
2026-05-07,839,19,10,34365,10338,3,9000,3,8000,7920,8000,,,,30.679991,43860,74371,15458,18351,1349,24.67,1.6718,30.679991,43860,389,2,256,194
2026-05-08,859,26,42,34149,10288,1,3000,3,8000,7920,8000,,,,36.806864,52619,20674,391,21275,8,102.91,1.7301,36.806864,52619,47896,29,4367,1652
2026-05-09,877,36,46,36465,10752,2,6000,3,7000,6930,7000,,,,39.671471,56714,20571,66,19045,1,92.58,2.0830,39.671471,56714,49872,46,6625,1084
2026-05-10,926,68,65,36767,11099,6,20000,2,4500,3960,4000,,,,42.107954,60197,21571,45,18489,2,85.71,2.2775,42.107954,60197,49237,86,9299,573
2026-05-11,932,74,58,38987,11698,8,24000,4,13800,13590,13800,,,,41.109220,58769,23045,66,19050,,82.66,2.1580,41.109220,58769,50467,107,10704,472
2026-05-12,970,78,73,39157,11569,7,21000,2,3600,3380,3600,,,,44.241952,63248,22159,6,19703,,88.92,2.2454,44.241952,63248,50991,116,9241,440
2026-05-13,940,120,75,39381,11399,4,12000,3,5300,4550,4800,,,,39.245810,56105,22790,32,18557,,81.43,2.1149,39.245810,56105,55868,127,18541,440
2026-05-14,976,84,81,38590,11538,5,15000,9,24500,23460,24000,,,,42.584182,60878,22487,4,18957,1,84.30,2.2464,42.584182,60878,53518,112,18888,478
2026-05-15,985,105,93,39799,11687,6,20000,2,4500,3960,4000,,,,43.983603,62879,23157,60,19048,1,82.26,2.3091,43.983603,62879,50475,136,18126,371
2026-05-16,950,99,66,37432,11281,3,9000,1,2000,1980,2000,,,,48.676275,69587,22477,2,18494,2,82.28,2.6320,48.676275,69587,50676,117,19348,433
2026-05-17,989,95,97,38794,11567,4,12000,2,5000,4950,5000,,,,48.367609,69146,24025,31,20084,2,83.60,2.4083,48.367609,69146,53652,123,18173,436
2026-05-18,985,92,65,39444,11855,4,12000,3,5500,4850,5000,,,,44.435391,63524,23643,35,18980,2,80.28,2.3412,44.435391,63524,51318,114,21422,450
2026-05-19,980,78,67,39634,11715,2,6000,5,10900,10580,10900,,,,45.529643,65089,22958,37,18479,1,80.49,2.4639,45.529643,65089,51808,96,21776,540
2026-05-20,988,66,55,41698,12142,6,18000,1,1700,1590,1700,,,,42.139288,60242,23603,36,19925,,84.42,2.1149,42.139288,60242,48287,74,15505,653
2026-05-21,981,80,62,39643,11843,3,11000,6,14000,12820,13000,,,,42.183117,60305,23951,31,20599,1,86.00,2.0478,42.183117,60305,46471,97,14974,479
2026-05-22,943,63,52,42766,11213,3,9000,3,6800,6640,6800,,,,42.461064,60702,22688,28,19627,1,86.51,2.1634,42.461064,60702,51890,75,16079,692
2026-05-23,917,66,50,43149,10799,5,15000,7,14000,12770,13000,,,,42.496224,60752,21743,34,18882,,86.84,2.2506,42.496224,60752,49522,84,13699,590
2026-05-24,943,68,51,42849,10744,1,3000,4,8000,6930,7000,,,,38.116376,54491,21303,32,19626,,92.13,1.9421,38.116376,54491,51141,83,20289,616
2026-05-25,998,147,113,45558,11180,4,12000,4,7000,5890,6000,,,,44.227238,63227,23007,29,20597,1,89.52,2.1473,44.227238,63227,207997,221,71254,941
2026-05-26,1023,149,118,40443,11772,5,15000,4,7800,7630,7800,,,,49.004556,70056,24094,27,21183,,87.92,2.3134,49.004556,70056,204365,234,67260,873
2026-05-27,1038,138,112,41812,12242,7,25000,3,6500,6210,6500,,,,57.042489,81547,23067,2,20415,,88.50,2.7941,57.042489,81547,202418,232,46590,872
2026-05-28,1084,142,132,42884,12731,2,6000,3,5500,4900,5000,,,,72.904974,104224,24843,24,21609,,86.98,3.3738,72.904974,104224,196058,192,42733,1021
2026-05-29,1053,135,117,42449,12434,3,9000,4,7000,6310,6500,,,,50.810858,72639,23987,,21803,,90.90,2.3305,50.810858,72639,201341,221,46100,911
2026-05-30,1050,149,108,41926,12337,2,8000,3,12000,11880,12000,,,,55.399959,79199,23619,,20974,,88.80,2.6414,55.399959,79199,198525,218,39732,911
2026-05-31,1083,170,129,43083,12823,5,15000,2,3000,1980,2000,,,,56.066032,80151,25039,2,22055,,88.08,2.5421,56.066032,80151,210440,223,38265,944
2026-06-01,1070,104,84,42002,12502,9,29000,2,4500,3960,4000,,,,52.639566,75253,24652,2,21998,,89.23,2.3929,52.639566,75253,233509,201,34051,1162
2026-06-02,1088,182,108,43589,12542,3,11000,3,5000,3960,4000,,,,67.881639,97043,28338,2,30995,,109.38,2.1901,67.881639,97043,1047917,709,110120,1478
2026-06-03,1083,165,116,46333,13261,6,20000,4,10500,10320,10500,,,,62.218607,88947,33859,,33431,,98.74,1.8611,62.218607,88947,1053835,653,84631,1614
2026-06-04,1063,147,85,44994,13282,2,6000,0,0,0,0,,,,67.846763,96993,33170,,32357,,97.55,2.0968,67.846763,96993,1012281,698,87031,1450
2026-06-05,1010,42,32,44287,12870,4,16000,4,8000,7920,8000,,,,54.508858,77925,31697,,27446,,86.59,1.9860,54.508858,77925,23024,43,8340,535
2026-06-06,1020,53,54,43594,12697,3,9000,1,2000,1980,2000,,,,50.874000,72729,31372,,31936,,101.80,1.5930,50.874000,72729,41625,72,12279,578
2026-06-07,1047,64,54,44913,13205,7,21000,4,9500,8510,9000,,,,49.354155,70556,32343,2,32437,,100.29,1.5215,49.354155,70556,42801,79,9824,0
2026-06-08,1023,49,44,43748,12857,7,28000,2,3800,3570,3800,,,,50.260411,71852,32068,,32458,,101.22,1.5485,50.260411,71852,63556,101,15470,0
2026-06-09,1052,104,81,44823,13129,3,9000,3,10000,9900,10000,,,,58.090632,83046,31923,,29217,,91.52,1.9882,58.090632,83046,170630,239,30541,0
2026-06-10,1047,69,70,44933,13093,8,26000,5,10500,9650,10000,,,,58.313439,83364,32234,1,29359,,91.08,1.9862,58.313439,83364,92984,139,25269,0
2026-06-11,1196,184,175,48962,14419,6,20000,2,4500,3960,4000,,,,71.858882,102729,35689,,32236,,90.32,2.2292,71.858882,102729,202275,383,57259,528
2026-06-12,1312,279,249,50719,14907,5,17000,2,4500,3810,4000,,,,92.277718,131919,36781,1,39574,,107.59,2.3318,92.277718,131919,368449,477,94517,772
2026-06-13,1346,325,294,51765,15354,6,18000,2,5000,4850,5000,,,,95.555266,136605,39296,,40312,,102.59,2.3704,95.555266,136605,395972,505,96929,784
2026-06-14,1438,309,276,53748,16162,4,12000,2,7000,6950,7000,,,,105.508336,150834,40207,,41599,,103.46,2.5363,105.508336,150834,344270,503,94675,684
2026-06-15,1476,324,232,57416,16535,2,6000,2,4000,3960,4000,,,,98.445529,140737,42066,2,42540,,101.13,2.3142,98.445529,140737,217291,310,63430,701
2026-06-16,1335,175,123,53302,15857,9,33000,3,6000,5210,5400,,,,90.873288,129912,38616,1,40282,,104.31,2.2559,90.873288,129912,180979,244,47741,742
2026-06-17,1339,242,173,53170,15693,4,14000,6,25000,23510,24000,,,,91.507294,130818,40280,,37767,,93.76,2.4229,91.507294,130818,164756,233,44595,707
2026-06-18,1318,164,119,53928,15569,3,11000,2,4400,4130,4400,,,,84.778237,121198,39364,,34778,,88.35,2.4377,84.778237,121198,148550,199,37842,746
2026-06-19,1190,118,80,49955,14488,11,37000,1,5000,4970,5000,,,,63.104891,90214,36140,,33869,,93.72,1.8632,63.104891,90214,98803,143,25962,691
2026-06-20,1206,136,84,50962,14607,3,11000,1,1500,990,1000,,,,59.561994,85149,35930,,39196,,109.09,1.5196,59.561994,85149,156680,201,33440,780
2026-06-21,1240,141,110,51930,14978,6,20000,7,15500,14850,15000,,,,65.358224,93435,36329,1,38783,,106.75,1.6852,65.358224,93435,135039,197,33266,685
2026-06-22,1228,137,101,51208,14986,7,23000,3,9000,8930,9000,,,,70.504806,100793,37033,,37295,,100.71,1.8905,70.504806,100793,129382,161,39939,804
2026-06-23,1253,144,108,53111,15394,7,21000,3,9000,8810,9000,,,,71.975868,102896,37189,,35267,,94.83,2.0409,71.975868,102896,113001,172,30645,657
2026-06-24,1338,227,180,52749,15634,6,20000,4,12500,11580,12000,,,,79.321414,113397,39222,,36375,,92.74,2.1807,79.321414,113397,230198,335,68902,687
2026-06-25,1720,919,506,71048,17578,2,6000,4,7500,6930,7000,,,,141.927130,202898,44999,,47687,,105.97,2.9762,141.927130,202898,208023,342,70902,608
2026-06-26,1726,701,477,83791,18089,7,23000,5,14500,14230,14500,,,,133.418365,190734,46715,,50527,,108.16,2.6405,133.418365,190734,311737,488,100700,639
2026-06-27,1768,703,457,92418,19004,3,11000,3,6500,5940,6000,,,,158.841211,227078,49401,,52837,,106.96,3.0062,158.841211,227078,452400,651,156711,695
2026-06-28,1641,294,252,91834,19410,2,8000,10,84500,83430,4500,,,,121.183996,173243,49379,1,48725,,98.68,2.4871,121.183996,173243,451175,547,167788,825
2026-06-29,1541,151,139,87384,18311,7,32000,5,37000,36650,7000,,,,101.901006,145677,51342,,45314,,88.26,2.2488,101.901006,145677,240272,273,94678,880
2026-06-30,1551,152,127,89417,18618,4,12000,3,11000,10890,11000,,,,104.095844,148814,54532,,50790,,93.14,2.0495,104.095844,148814,213136,285,65107,748
2026-07-01,1771,327,225,95403,19608,7,23000,5,14500,13830,14000,,,,115.173714,164651,59343,,53753,,90.58,2.1426,115.173714,164651,235873,513,68972,460
2026-07-02,1734,417,268,94795,19603,4,12000,2,3700,3570,3700,,,,128.380616,183532,60518,,50791,,83.93,2.5276,128.380616,183532,303204,494,103806,614
2026-07-03,1665,342,216,91524,19268,10,43000,2,4500,3960,4000,,,,105.447038,150746,59090,,48369,,81.86,2.1801,105.447038,150746,377366,271,91351,1392
2026-07-04,1570,188,130,84437,18825,3,9000,3,6500,5890,6000,,,,98.499944,140815,57435,1,45081,,78.49,2.1850,98.499944,140815,353327,269,143686,1313
2026-07-05,1548,199,133,85115,18941,6,20000,1,3000,2970,3000,,,,96.400791,137814,58107,,52806,,90.88,1.8256,96.400791,137814,310838,306,135981,1016
2026-07-06,1549,157,110,84576,18945,6,18000,6,11000,9930,10200,,,,87.224247,124695,57684,,50464,,87.48,1.7284,87.224247,124695,200698,208,92922,965
2026-07-07,1541,173,132,84079,18942,2,6000,4,7000,5790,6000,,,,97.761838,139759,57135,1,46431,,81.27,2.1055,97.761838,139759,191731,230,96033,834
2026-07-08,1575,172,127,87958,19363,7,23000,5,12200,11390,11700,,,,95.253165,136173,59151,,45937,1,77.66,2.0736,95.253165,136173,164020,313,84615,524
2026-07-09,2042,747,486,114664,22638,7,25000,2,8000,7770,8000,,,,154.662249,221104,67243,,56823,,84.50,2.7218,154.662249,221104,265217,731,147769,363
2026-07-10,2420,1792,958,119513,22357,4,14000,7,22000,21830,22000,,,,303.999987,434595,79672,,73835,,92.67,4.1173,303.999987,434595,230236,569,124653,405
2026-07-11,2387,1296,728,127869,23761,3,9000,8,15000,13860,14000,,,,296.345468,423653,78040,,69922,,89.60,4.2382,296.345468,423653,516224,762,257566,677
2026-07-12,2308,1074,576,127523,24495,6,18000,0,0,0,0,,,,273.117783,390447,78829,1,68705,,87.16,3.9752,273.117783,390447,403427,457,225313,883
2026-07-13,2513,1524,764,140781,27107,4,12000,7,15800,14560,14800,,,,335.421129,479515,83044,,75960,,91.47,4.4158,335.421129,479515,1074309,613,457026,1753
2026-07-14,1867,285,207,138281,27692,4,12000,7,15200,12750,13200,,,,154.123891,220334,70947,1,65696,,92.60,2.3460,154.123891,220334,704230,394,299013,1787
2026-07-15,1814,141,117,122583,25526,5,17000,5,11100,10730,11100,,,,133.686633,191117,68527,,61129,,89.20,2.1870,133.686633,191117,430544,270,163326,1595
2026-07-16,2211,741,457,125684,26027,8,26000,6,10700,9510,9700,,,,263.243931,376331,72278,,62590,,86.60,4.2058,263.243931,376331,290536,417,93144,697
2026-07-17,2343,1021,586,137524,27766,3,9000,4,10500,9920,10000,,,,322.327801,460797,76948,,71594,,93.04,4.5022,322.327801,460797,571571,788,206874,725
2026-07-18,2276,924,588,137172,27330,6,20000,6,18500,16830,17000,,,,284.491137,406706,78950,,73508,,93.11,3.8702,284.491137,406706,996238,996,382460,1000
2026-07-19,2379,889,541,146327,29215,10,39000,7,16000,15740,16000,,,,312.537750,446801,80286,,74787,,93.15,4.1790,312.537750,446801,477026,736,207697,648
2026-07-20,2247,702,423,153128,28150,8,24000,5,23000,22820,23000,,,,238.012209,340260,78229,,67003,,85.65,3.5523,238.012209,340260,307502,677,137041,454
2026-07-21,2273,671,405,162139,28826,3,9000,4,12000,11800,12000,,,,227.960990,325891,79205,,69534,,87.79,3.2784,227.960990,325891,459583,743,236820,619
2026-07-22,2248,617,385,163823,29353,14,48000,5,12100,11570,12100,,,,221.476953,316621,80718,1,71754,,88.89,3.0866,221.476953,316621,683194,1045,354366,654
2026-07-23,2156,519,295,159670,28877,11,40000,3,5500,4900,5000,,,,185.697476,265471,78450,,70082,,89.33,2.6497,185.697476,265471,391275,2381,188502,164
2026-07-24,2790,1489,810,187509,31698,16,50000,2,5000,4850,5000,,,,248.231433,354869,86701,,83384,,96.17,2.9770,248.231433,354869,15174,203,7764,75
2026-07-25,2501,1125,646,176657,30777,5,17000,5,10000,8860,9000,,,,205.469590,293737,86252,,78082,,90.53,2.6315,205.469590,293737,25171,57,2973,442
2026-07-26,2562,1005,540,186497,32350,14,50000,5,13500,13040,13500,,,,221.800747,317084,87222,,86753,,99.46,2.5567,221.800747,317084,14621,44,1878,332
2026-07-27,2464,781,443,182633,32362,6,20000,14,40000,38650,39000,,,,198.933933,284394,87101,,87651,,100.63,2.2696,198.933933,284394,61344,44,3270,1394
2026-07-28,2346,617,342,172508,31028,9,27000,8,23700,22240,22800,,,,204.167348,291876,85167,,82144,,96.45,2.4855,204.167348,291876,60878,90,6581,676
2026-07-29,2316,680,383,167527,30457,12,40000,8,14800,13890,14300,,,,190.884609,272887,82668,1,77903,,94.24,2.4503,190.884609,272887,46534,136,6467,342
2026-07-30,2362,667,377,172922,31551,15,49000,8,15000,12840,13000,,,,195.215215,279078,83675,,77884,,93.08,2.5065,195.215215,279078,32906,104,5944,316
2026-07-31,2138,560,319,158161,29145,19,61000,6,14100,13670,14100,,,,169.784195,242722,80308,,67273,,83.77,2.5238,169.784195,242722,0,0,1,0
2026-08-01,1966,40,37,157223,29852,9,27000,16,41500,39660,40100,,,,106.162141,151768,75488,,62998,,83.45,1.6852,106.162141,151768,892,0,27,0
2026-08-02,1914,28,25,150939,29025,12,38000,11,27100,25120,25600,,,,112.629509,161014,75792,,61863,,81.62,1.8206,112.629509,161014,3317,8,452,415
2026-08-03,2036,131,111,162524,30664,13,41000,12,34300,33390,33800,,,,258.523625,369583,78673,1,78112,,99.29,3.3097,258.523625,369583,,,,
