date,country_code,currency_code,data_complete_through,supabase_status,adpopcorn_status,google_ads_status,offerwall_status,fx_status,active_users,signup_count,direct_signup_count,guest_created_count,guest_succession_count,guest_merge_count,actual_new_member_count,total_entry_account_count,new_participants_first_ad,reward_points_total,reward_events_total,withdrawal_count_total,withdrawal_points_total,giftcard_order_count_total,giftcard_point_amount_total,giftcard_purchase_amount_total,giftcard_sell_price_total,giftcard_margin_vs_point_total,supabase_ad_revenue_usd,supabase_ad_revenue_local,supabase_ad_event_count,referral_rewarded_customers,referral_reward_events,referral_reward_points_total,reward_points_egg,reward_events_egg,reward_points_card_game,reward_events_card_game,reward_points_vault_game,reward_events_vault_game,reward_points_bonus_cash,reward_events_bonus_cash,reward_points_check_in_mission,reward_events_check_in_mission,withdrawal_count_pending,withdrawal_points_pending,withdrawal_count_completed,withdrawal_points_completed,withdrawal_count_rejected,withdrawal_points_rejected,adpopcorn_revenue_usd,adpopcorn_revenue_local,adpopcorn_request_count,adpopcorn_response_count,adpopcorn_impression_count,adpopcorn_click_count,adpopcorn_fill_rate,adpopcorn_ecpm,adpopcorn_revenue_usd_rv,adpopcorn_revenue_local_rv,adpopcorn_impression_count_rv,adpopcorn_fill_rate_rv,adpopcorn_ecpm_rv,adpopcorn_revenue_usd_iv,adpopcorn_revenue_local_iv,adpopcorn_impression_count_iv,adpopcorn_fill_rate_iv,adpopcorn_ecpm_iv,adpopcorn_revenue_usd_banner,adpopcorn_revenue_local_banner,adpopcorn_impression_count_banner,adpopcorn_fill_rate_banner,adpopcorn_ecpm_banner,preferred_revenue_usd,preferred_revenue_local,google_ads_cost_local,google_ads_conversions,google_ads_impressions,google_ads_cpa_local,offerwall_cost_local,offerwall_attempt_count,offerwall_completion_count,offerwall_conversion_rate,offerwall_cost_per_completion_local,profit_local
2026-04-16,KR,KRW,2026-08-25,ready,ready,ready,delayed,ready,901,34,34,0,0,0,34,34,31,37802,11249,5,17000,5,12500,11850,12000,650,1.801225,2491,353,7,7,3300,22260,7214,4532,1065,6791,1625,3752,878,467,467,0,0,4,14000,1,3000,7.928260,10966,21115,5501,6529,2101,30.92,1.2143,4.832702,6684,2351,39.55,2.0556,3.095558,4282,4178,27.54,0.7409,0.000000,0,0,0,0,7.928260,10966,0,0,0,0,,,,,,
2026-04-17,KR,KRW,2026-08-25,ready,ready,ready,delayed,ready,945,28,28,0,0,0,28,28,24,39231,11744,4,12000,3,5200,4560,4700,640,0,0,0,4,4,2000,24360,8187,3944,945,6286,1385,4212,920,429,307,0,0,4,12000,0,0,13.037398,18032,14287,11757,8222,714,57.55,1.5857,5.045009,6978,2368,55.40,2.1305,7.992389,11054,5854,58.46,1.3653,0.000000,0,0,0,0,13.037398,18032,0,0,0,0,,,,,,
2026-04-18,KR,KRW,2026-08-25,ready,ready,ready,delayed,ready,913,23,23,0,0,0,23,23,21,39294,11619,1,3000,4,8000,7820,8000,180,0,0,0,7,7,3500,24587,8004,4039,911,5441,1307,4188,932,1039,465,0,0,1,3000,0,0,12.377096,17119,12325,12092,7927,531,64.32,1.5614,4.611292,6378,2458,57.63,1.8760,7.765804,10741,5469,67.85,1.4200,0.000000,0,0,0,0,12.377096,17119,0,0,0,0,,,,,,
2026-04-19,KR,KRW,2026-08-25,ready,ready,ready,delayed,ready,911,24,24,0,0,0,24,24,19,38172,11485,2,6000,5,12500,11830,12000,670,0,0,0,3,3,1500,24421,8155,3985,901,5215,1227,3845,896,706,306,0,0,2,6000,0,0,11.530587,15948,11247,10948,7528,570,66.93,1.5317,4.081172,5645,2198,58.83,1.8568,7.449415,10303,5330,70.96,1.3976,0.000000,0,0,0,0,11.530587,15948,0,0,0,0,,,,,,
2026-04-20,KR,KRW,2026-08-25,ready,ready,ready,delayed,ready,912,22,22,0,0,0,22,22,19,38588,11333,0,0,3,8500,7920,8000,580,0,0,0,4,4,2000,23895,7957,3884,880,5159,1163,4166,903,1484,430,0,0,0,0,0,0,10.336824,14297,19930,11138,7976,773,40.02,1.2960,2.779535,3844,2287,36.79,1.2154,7.557289,10453,5689,41.48,1.3284,0.000000,0,0,0,0,10.336824,14297,0,0,0,0,,,,,,
2026-04-21,KR,KRW,2026-08-25,ready,ready,ready,delayed,ready,886,34,34,0,0,0,34,34,31,37201,10957,3,13000,2,3000,2400,2500,600,0,0,0,3,3,1500,23445,7813,3743,837,4904,1127,4173,896,936,284,0,0,3,13000,0,0,11.682946,16159,34591,10807,8700,1328,25.15,1.3429,3.279507,4536,2603,23.77,1.2599,8.403439,11623,6097,25.79,1.3783,0.000000,0,0,0,0,11.682946,16159,13203,33,3114,400,,,,,,
2026-04-22,KR,KRW,2026-08-25,ready,ready,ready,delayed,ready,940,66,66,0,0,0,66,66,64,40126,11636,5,17000,3,5000,3960,4000,1040,0,0,0,9,9,4500,24693,8178,3622,880,5407,1201,4289,955,2115,422,0,0,2,8000,3,9000,15.081028,20859,34707,12560,9499,1241,27.37,1.5876,4.495758,6218,2894,24.14,1.5535,10.585270,14641,6605,29.07,1.6026,0.000000,0,0,0,0,15.081028,20859,15028,56,4294,268,,,,,,
2026-04-23,KR,KRW,2026-08-25,ready,ready,ready,delayed,ready,961,79,79,0,0,0,79,79,68,39624,11779,1,3000,6,14500,12850,13200,1650,0,0,0,11,11,5500,24608,8206,3710,889,5558,1274,4764,972,984,438,0,0,1,3000,0,0,15.508618,21450,33291,12706,9406,1066,28.25,1.6488,5.194626,7185,2884,25.25,1.8012,10.313992,14265,6522,29.82,1.5814,0.000000,0,0,0,0,15.508618,21450,15583,55,6126,283,,,,,,
2026-04-24,KR,KRW,2026-08-25,ready,ready,ready,delayed,ready,942,69,69,0,0,0,69,69,62,38940,11355,0,0,0,0,0,0,0,0,0,0,7,7,3500,24263,8013,4080,903,5158,1169,4609,949,830,321,0,0,0,0,0,0,18.158407,25115,48370,13071,9726,1259,20.11,1.8670,6.247197,8641,2982,20.51,2.0950,11.911210,16475,6744,19.94,1.7662,0.000000,0,0,0,0,18.158407,25115,16069,55,9189,292,,,,,,
2026-04-25,KR,KRW,2026-08-25,ready,ready,ready,delayed,ready,963,94,94,0,0,0,94,94,61,39301,11895,2,6000,3,5000,3910,4000,1090,0,0,0,7,7,3500,24892,8435,3916,872,4828,1160,4508,974,1157,454,0,0,2,6000,0,0,20.675886,28597,55172,13317,10128,1265,18.36,2.0415,6.236015,8625,3042,17.69,2.0500,14.439871,19972,7086,18.66,2.0378,0.000000,0,0,0,0,20.675886,28597,13899,66,5403,211,,,,,,
2026-04-26,KR,KRW,2026-08-25,ready,ready,ready,delayed,ready,991,88,88,0,0,0,88,88,74,39634,11859,0,0,4,17000,16890,17000,110,0,0,0,13,13,6500,25536,8499,3814,858,5304,1185,4099,975,881,342,0,0,0,0,0,0,20.743141,28690,51571,13194,10126,1321,19.64,2.0485,6.925232,9578,2903,17.93,2.3855,13.817909,19112,7223,20.41,1.9130,0.000000,0,0,0,0,20.743141,28690,15294,57,5356,268,,,,,,
2026-04-27,KR,KRW,2026-08-25,ready,ready,ready,delayed,ready,965,66,66,0,0,0,66,66,62,39281,11722,2,6000,2,5000,4950,5000,50,0,0,0,8,8,4000,24484,8263,3834,896,5225,1186,4303,966,1435,411,0,0,2,6000,0,0,18.764724,25954,70532,12738,9827,1359,13.93,1.9095,6.148031,8503,2935,13.31,2.0947,12.616693,17450,6892,14.21,1.8306,0.000000,0,0,0,0,18.764724,25954,13306,52,6226,256,,,,,,
2026-04-28,KR,KRW,2026-08-25,ready,ready,ready,delayed,ready,956,67,67,0,0,0,67,67,48,38570,11363,1,3000,1,1500,990,1000,510,0,0,0,6,6,3000,24928,8097,3229,843,4891,1128,4374,953,1148,342,0,0,1,3000,0,0,14.861454,20555,80305,11421,9037,1428,11.25,1.6445,4.838852,6693,2566,10.38,1.8858,10.022602,13862,6471,11.64,1.5488,0.000000,0,0,0,0,14.861454,20555,18389,63,10435,292,,,,,,
2026-04-29,KR,KRW,2026-08-25,ready,ready,ready,delayed,ready,956,39,39,0,0,0,39,39,35,39002,11454,6,22000,5,19500,17720,18000,1780,0,0,0,2,2,1500,24564,8195,3697,852,4616,1062,4374,949,1751,396,0,0,6,22000,0,0,15.069680,20843,93806,11556,9369,1498,9.99,1.6085,4.852723,6712,2574,10.07,1.8853,10.216957,14131,6795,9.96,1.5036,0.000000,0,0,0,0,15.069680,20843,15133,43,9598,352,,,,,,
2026-04-30,KR,KRW,2026-08-25,ready,ready,ready,delayed,ready,900,51,51,0,0,0,51,51,40,35313,10719,2,6000,4,9800,9610,9800,190,0,0,0,5,5,2500,22165,7561,3535,822,4554,1089,4154,877,905,370,0,0,2,6000,0,0,15.374073,21264,92015,10875,8580,1325,9.32,1.7918,5.575571,7712,2364,10.02,2.3585,9.798502,13552,6216,9.09,1.5763,0.000000,0,0,0,0,15.374073,21264,14057,42,9223,335,,,,,,
2026-05-01,KR,KRW,2026-08-25,ready,ready,ready,delayed,ready,917,52,52,0,0,0,52,52,45,37681,11133,7,21000,2,4500,3960,4000,540,0,0,0,8,8,4000,23902,7915,3681,861,5003,1131,4226,884,869,342,0,0,7,21000,0,0,15.740265,21771,91914,11201,8916,1342,9.70,1.7654,5.240389,7248,2526,10.30,2.0746,10.499876,14523,6390,9.48,1.6432,0.000000,0,0,0,0,15.740265,21771,15582,41,7801,380,,,,,,
2026-05-02,KR,KRW,2026-08-25,ready,ready,ready,delayed,ready,905,47,47,0,0,0,47,47,42,36517,10986,1,3000,3,8500,7770,8000,730,0,0,0,6,6,3000,22992,7709,3572,862,4959,1141,3917,897,1077,377,0,0,1,3000,0,0,14.803811,20475,91481,11167,8757,1394,9.57,1.6905,4.953918,6852,2493,10.16,1.9871,9.849893,13624,6264,9.36,1.5725,0.000000,0,0,0,0,14.803811,20475,14078,41,6615,343,,,,,,
2026-05-03,KR,KRW,2026-08-25,ready,ready,ready,delayed,ready,913,41,41,0,0,0,41,41,35,36779,11255,3,9000,5,10100,9630,10100,470,0,0,0,5,5,2300,23307,8005,3814,889,4741,1124,4021,910,896,327,0,0,3,9000,0,0,14.395595,19911,93332,11025,8777,1366,9.40,1.6401,4.992751,6906,2537,10.27,1.9680,9.402844,13005,6240,9.09,1.5069,0.000000,0,0,0,0,14.395595,19911,15188,31,6988,490,,,,,,
2026-05-04,KR,KRW,2026-08-25,ready,ready,ready,delayed,ready,883,37,37,0,0,0,37,37,39,36304,10765,5,17000,1,3000,2970,3000,30,0,0,0,5,5,2500,22810,7647,3291,808,4841,1029,4143,898,1219,383,0,0,5,17000,0,0,13.478997,18643,87430,10792,8594,1254,9.83,1.5684,4.502048,6227,2412,9.78,1.8665,8.976935,12416,6179,9.84,1.4528,0.000014,0,3,0,0.0047,13.478997,18643,15160,29,6106,523,,,,,,
2026-05-05,KR,KRW,2026-08-25,ready,ready,ready,delayed,ready,889,35,35,0,0,0,35,35,32,36794,10986,3,9000,3,7000,6830,7000,170,0,0,0,10,10,5000,23378,7835,3875,857,4699,1111,3812,855,1030,328,0,0,3,9000,0,0,14.045440,19426,91226,11444,8848,1219,9.70,1.5874,4.726699,6538,2489,10.68,1.8990,9.318733,12889,6357,9.36,1.4659,0.000008,0,2,0,0.0040,14.045440,19426,14662,27,932,543,,,,,,
2026-05-06,KR,KRW,2026-08-25,ready,ready,ready,delayed,ready,864,25,25,0,0,0,25,25,23,36357,10675,2,6000,3,5300,4660,4800,640,0,0,0,2,2,1000,23184,7628,3442,789,4474,1048,3726,858,1531,352,0,0,2,6000,0,0,13.750823,19019,67800,10469,8248,1230,12.17,1.6672,4.592794,6352,2182,10.31,2.1049,9.150335,12656,6020,12.91,1.5200,0.007694,11,46,0,0.1673,13.750823,19019,9329,13,617,718,,,,,,
2026-05-07,KR,KRW,2026-08-25,ready,ready,ready,delayed,ready,828,19,19,0,0,0,19,19,13,35292,10632,3,9000,3,8000,7920,8000,80,0,0,0,3,3,1500,21710,7423,3914,857,4618,1089,3974,883,1076,380,0,0,3,9000,0,0,22.319127,30870,51631,8411,12531,863,24.27,1.7811,7.089452,9806,2711,16.49,2.6151,15.016165,20769,6896,19.60,2.1775,0.213510,295,2924,0,0.0730,22.319127,30870,389,2,256,195,,,,,,
2026-05-08,KR,KRW,2026-08-25,ready,ready,ready,delayed,ready,798,26,26,0,0,0,26,26,25,32630,9841,2,6000,3,8000,7920,8000,80,0,0,0,5,5,2500,20977,7051,3176,723,4042,933,3652,829,783,305,0,0,2,6000,0,0,36.806377,50908,1285,256,21269,8,1655.18,1.7305,13.608810,18823,3223,18958.82,4.2224,22.533582,31167,7579,597.71,2.9732,0.663985,918,10467,0,0.0634,36.806377,50908,47896,29,4367,1652,,,,,,
2026-05-09,KR,KRW,2026-08-25,ready,ready,ready,delayed,ready,835,36,36,0,0,0,36,36,28,35769,10587,0,0,3,7000,6930,7000,70,0,0,0,3,3,1500,22527,7499,3596,809,4702,1039,3898,887,1046,353,0,0,0,0,0,0,39.671283,54870,173,36,19040,1,11005.78,2.0836,16.637212,23011,3586,11953.33,4.6395,22.346189,30907,7728,5404.20,2.8916,0.687882,951,7726,0,0.0890,39.671283,54870,49872,46,6625,1084,,,,,,
2026-05-10,KR,KRW,2026-08-25,ready,ready,ready,delayed,ready,890,68,68,0,0,0,68,68,57,36986,11093,6,20000,2,4500,3960,4000,540,0,0,0,8,8,3800,23048,7812,3864,891,4908,1124,4121,896,1045,370,0,0,6,20000,0,0,42.107898,58240,99,23,18487,2,18673.74,2.2777,15.844640,21915,3627,36270.00,4.3685,25.640104,35463,8053,9048.31,3.1839,0.623154,862,6807,0,0.0915,42.107898,58240,49237,86,9299,573,,,,,,
2026-05-11,KR,KRW,2026-08-25,ready,ready,ready,delayed,ready,932,74,74,0,0,0,74,74,71,38987,11698,8,24000,4,13800,13590,13800,210,0,0,0,8,8,3400,24942,8333,3677,889,5062,1151,4056,919,1250,406,0,0,8,24000,0,0,41.108740,56858,121,45,19037,0,15733.06,2.1594,16.401139,22685,3682,9205.00,4.4544,24.097976,33330,8300,10246.91,2.9034,0.609625,843,7055,0,0.0864,41.108740,56858,50467,107,10704,472,,,,,,
2026-05-12,KR,KRW,2026-08-25,ready,ready,ready,delayed,ready,946,78,78,0,0,0,78,78,62,38900,11464,6,20000,2,3600,3380,3600,220,0,0,0,9,9,4500,24740,8180,3966,890,4851,1134,4244,923,1099,337,0,0,6,20000,0,0,44.241952,61192,11,3,19703,0,179118.18,2.2454,16.658916,23041,3646,0,4.5691,26.970952,37304,8534,77581.82,3.1604,0.612084,847,7523,0,0.0814,44.241952,61192,50991,116,9241,440,,,,,,
2026-05-13,KR,KRW,2026-08-25,ready,ready,ready,delayed,ready,939,120,120,0,0,0,120,120,88,39535,11454,7,21000,3,5300,4550,4800,750,0,0,0,8,8,3400,24602,8075,3810,889,5554,1163,4098,943,1471,384,0,0,7,21000,0,0,39.245449,54281,71,25,18552,0,26129.58,2.1154,15.693413,21706,3739,13353.57,4.1972,23.012797,31829,8234,19148.84,2.7949,0.539239,746,6579,0,0.0820,39.245449,54281,55868,127,18541,440,,,,,,
2026-05-14,KR,KRW,2026-08-25,ready,ready,ready,delayed,ready,936,84,84,0,0,0,84,84,81,38001,11414,5,15000,9,24500,23460,24000,1040,0,0,0,6,6,3000,24368,8108,3646,863,4807,1122,4128,936,1052,385,0,0,5,15000,0,0,42.584182,58899,44,2,18957,1,43084.09,2.2464,16.244370,22468,3805,34590.91,4.2692,25.728062,35585,8384,25406.06,3.0687,0.611750,846,6768,0,0.0904,42.584182,58899,53518,112,18888,478,,,,,,
2026-05-15,KR,KRW,2026-08-25,ready,ready,ready,delayed,ready,961,105,105,0,0,0,105,105,95,39847,11651,6,20000,2,4500,3960,4000,540,0,0,0,15,15,7500,24781,8171,4235,971,5578,1250,4234,909,1019,350,0,0,6,20000,0,0,43.982389,60833,75,39,19034,1,25378.67,2.3107,19.462528,26919,3880,12516.13,5.0161,23.978662,33165,8429,19156.82,2.8448,0.541199,749,6725,0,0.0805,43.982389,60833,50475,136,18126,371,,,,,,
2026-05-16,KR,KRW,2026-08-25,ready,ready,ready,delayed,ready,958,99,99,0,0,0,99,99,86,38160,11403,1,3000,1,2000,1980,2000,20,0,0,0,11,11,5500,23969,8009,4052,902,5052,1197,3957,916,1130,379,0,0,1,3000,0,0,48.676275,67325,39,0,18494,2,47420.51,2.6320,20.400448,28216,3701,33645.45,5.5121,27.697759,38309,8166,29164.29,3.3918,0.578068,800,6627,0,0.0872,48.676275,67325,50676,117,19348,433,,,,,,
2026-05-17,KR,KRW,2026-08-25,ready,ready,ready,delayed,ready,953,95,95,0,0,0,95,95,78,37569,11268,6,18000,2,5000,4950,5000,50,0,0,0,6,6,3000,23237,7900,4081,901,5000,1204,4200,922,1051,341,0,0,6,18000,0,0,48.366651,66897,37,19,20078,2,54264.86,2.4089,18.742349,25923,3935,35772.73,4.7630,29.060525,40194,8973,34511.54,3.2387,0.563777,780,7170,0,0.0786,48.366651,66897,53652,123,18173,436,,,,,,
2026-05-18,KR,KRW,2026-08-25,ready,ready,ready,delayed,ready,982,92,92,0,0,0,92,92,72,40035,12034,3,9000,3,5500,4850,5000,650,0,0,0,4,4,2000,25558,8503,3995,924,4974,1221,4290,978,1218,408,0,0,3,9000,0,0,44.432715,61456,63,18,18975,2,30119.05,2.3416,18.077032,25003,3873,21516.67,4.6674,25.848358,35751,8613,19140.00,3.0011,0.507325,702,6489,0,0.0782,44.432715,61456,51318,114,21422,450,,,,,,
2026-05-19,KR,KRW,2026-08-25,ready,ready,ready,delayed,ready,966,78,78,0,0,0,78,78,69,39531,11754,3,9000,5,10900,10580,10900,320,0,0,0,5,5,2500,24821,8300,3811,945,5291,1225,4580,953,1028,331,0,0,3,9000,0,0,45.529597,62973,97,19,18477,1,19048.45,2.4641,18.316712,25334,3857,12856.67,4.7490,26.779715,37039,8516,12710.45,3.1446,0.433170,599,6104,0,0.0710,45.529597,62973,51808,96,21776,540,,,,,,
2026-05-20,KR,KRW,2026-08-25,ready,ready,ready,delayed,ready,964,66,66,0,0,0,66,66,55,41554,12042,5,15000,1,1700,1590,1700,110,0,0,0,5,5,2500,25413,8385,4123,979,6081,1264,4416,993,1521,421,0,0,5,15000,0,0,42.137725,58281,64,24,19918,0,31121.88,2.1156,18.245368,25235,4125,17187.50,4.4231,23.438899,32419,8715,21787.50,2.6895,0.453458,627,7078,0,0.0641,42.137725,58281,48287,74,15505,653,,,,,,
2026-05-21,KR,KRW,2026-08-25,ready,ready,ready,delayed,ready,963,80,80,0,0,0,80,80,62,40428,12088,3,11000,6,14000,12820,13000,1180,0,0,0,6,6,3000,25325,8468,3999,984,5685,1250,4370,988,1049,398,0,0,3,11000,0,0,42.183044,58344,56,20,20597,1,36780.36,2.0480,18.136948,25086,4051,21321.05,4.4772,23.523705,32536,8519,23024.32,2.7613,0.522391,723,8027,0,0.0651,42.183044,58344,46471,97,14974,479,,,,,,
2026-05-22,KR,KRW,2026-08-25,ready,ready,ready,delayed,ready,951,63,63,0,0,0,63,63,52,42316,11266,4,12000,3,6800,6640,6800,160,0,0,0,9,9,4300,29100,7888,3568,896,4811,1165,3755,978,1082,339,0,0,4,12000,0,0,42.460919,58728,23,18,19623,1,85317.39,2.1638,27.379999,37870,6839,62172.73,4.0035,14.569391,20151,5183,43191.67,2.8110,0.511529,708,7601,0,0.0673,42.460919,58728,51890,75,16079,692,,,,,,
2026-05-23,KR,KRW,2026-08-25,ready,ready,ready,delayed,ready,891,66,66,0,0,0,66,66,50,42946,10755,5,15000,7,14000,12770,13000,1230,0,0,0,5,5,2500,33177,7406,2646,941,3452,1153,2614,903,1057,352,0,0,5,15000,0,0,42.472416,58744,12,12,18872,0,157266.67,2.2506,35.037742,48461,8101,202525.00,4.3251,6.934978,9592,3566,44575.00,1.9447,0.499696,691,7205,0,0.0694,42.472416,58744,49522,84,13699,590,,,,,,
2026-05-24,KR,KRW,2026-08-25,ready,ready,ready,delayed,ready,917,68,68,0,0,0,68,68,51,41855,10552,1,3000,4,8000,6930,7000,1070,0,0,0,4,4,2000,32744,7319,2434,898,3118,1145,2425,859,1134,331,0,0,1,3000,0,0,38.108041,52708,34,19,19620,0,57705.88,1.9423,30.426267,42083,7970,33208.33,3.8176,7.174804,9924,3600,36000.00,1.9930,0.506970,701,8050,0,0.0630,38.108041,52708,51141,83,20289,616,,,,,,
2026-05-25,KR,KRW,2026-08-25,ready,ready,ready,delayed,ready,981,147,147,0,0,0,147,147,113,46291,11394,4,12000,4,7000,5890,6000,1110,0,0,0,7,7,3500,36105,7874,2785,949,3474,1234,2746,942,1181,395,0,0,4,12000,0,0,44.227205,61171,19,19,20596,1,108400.00,2.1474,33.993736,47017,8309,118700.00,4.0912,9.567012,13232,3744,31200.00,2.5553,0.666457,922,8543,0,0.0780,44.227205,61171,207997,221,71254,941,,,,,,
2026-05-26,KR,KRW,2026-08-25,ready,ready,ready,delayed,ready,1022,149,149,0,0,0,149,149,118,41799,11891,5,15000,4,7800,7630,7800,170,0,0,0,9,9,4500,29764,8285,3251,1010,4358,1279,3432,970,994,347,0,0,5,15000,0,0,48.997872,67770,24,15,21179,0,88245.83,2.3135,26.228004,36276,4830,34500.00,5.4302,22.040834,30485,7679,76790.00,2.8703,0.729034,1008,8670,0,0.0841,48.997872,67770,204365,234,67260,873,,,,,,
2026-05-27,KR,KRW,2026-08-25,ready,ready,ready,delayed,ready,1002,138,138,0,0,0,138,138,112,40111,11727,7,25000,3,6500,6210,6500,290,0,0,0,8,8,3800,24706,8177,4117,938,5403,1243,4578,991,1307,378,0,0,7,25000,0,0,57.042489,78896,21,2,20415,0,97214.29,2.7941,21.855031,30228,4073,0,5.3658,34.593006,47846,8742,41628.57,3.9571,0.594452,822,7600,0,0.0782,57.042489,78896,202418,232,46590,872,,,,,,
2026-05-28,KR,KRW,2026-08-25,ready,ready,ready,delayed,ready,1059,142,142,0,0,0,142,142,132,43180,12809,2,6000,3,5500,4900,5000,600,0,0,0,11,11,5300,26303,8867,4625,1070,6205,1397,4887,1032,1160,443,0,0,2,6000,0,0,72.904918,100836,33,17,21607,0,65475.76,3.3741,30.411489,42063,4210,105250.00,7.2236,41.888225,57936,9103,31389.66,4.6016,0.605204,837,8294,0,0.0730,72.904918,100836,196058,192,42733,1021,,,,,,
2026-05-29,KR,KRW,2026-08-25,ready,ready,ready,delayed,ready,1053,135,135,0,0,0,135,135,117,42449,12434,3,9000,4,7000,6310,6500,690,0,0,0,5,5,2500,26334,8717,4606,993,5705,1334,4662,1024,1142,366,0,0,3,9000,0,0,50.810858,70277,1,0,21803,0,2180300.00,2.3305,19.543991,27032,4061,0,4.8126,30.688298,42446,8936,893600.00,3.4342,0.578569,800,8806,0,0.0657,50.810858,70277,201341,221,46100,911,,,,,,
2026-05-30,KR,KRW,2026-08-25,ready,ready,ready,delayed,ready,1050,149,149,0,0,0,149,149,108,41926,12337,2,8000,3,12000,11880,12000,120,0,0,0,10,10,5000,26121,8634,4194,994,5753,1307,4608,986,1250,416,0,0,2,8000,0,0,55.399959,76625,4,0,20974,0,524350.00,2.6414,22.994351,31804,4048,0,5.6804,31.829287,44024,8669,216725.00,3.6716,0.576321,797,8257,0,0.0698,55.399959,76625,198525,218,39732,911,,,,,,
2026-05-31,KR,KRW,2026-08-25,ready,ready,ready,delayed,ready,1083,170,170,0,0,0,170,170,129,43083,12823,5,15000,2,3000,1980,2000,1020,0,0,0,8,8,3800,26478,8827,4594,1084,6350,1469,4476,1040,1185,403,0,0,5,15000,0,0,56.066032,77546,3,1,22055,0,735166.67,2.5421,22.063362,30516,4283,0,5.1514,33.418888,46222,9139,304633.33,3.6567,0.583782,807,8633,0,0.0676,56.066032,77546,210440,223,38265,944,,,,,,
2026-06-01,KR,KRW,2026-08-25,ready,ready,ready,delayed,ready,1078,104,104,0,0,0,104,104,84,43048,12764,8,26000,2,4500,3960,4000,540,0,0,0,11,11,5500,26679,8909,4522,1030,5737,1320,4779,1067,1331,438,0,0,8,26000,0,0,52.639566,72807,8,2,21998,0,274975.00,2.3929,20.989470,29031,4219,0,4.9750,30.891825,42727,8895,111187.50,3.4729,0.758271,1049,8884,0,0.0854,52.639566,72807,233509,201,34051,1162,,,,,,
2026-06-02,KR,KRW,2026-08-25,ready,ready,ready,delayed,ready,1018,182,182,0,0,0,182,182,108,41143,11858,3,9000,2,3500,2970,3000,530,0,0,0,10,10,5000,24742,8011,4530,1023,6782,1574,3924,897,1165,353,0,0,3,9000,0,0,67.881639,93888,4,1,30995,0,774875.00,2.1901,24.551986,33958,4335,0,5.6637,41.195283,56978,8837,220925.00,4.6617,2.134370,2952,17823,0,0.1198,67.881639,93888,1047917,709,110120,1478,,,,,,
2026-06-03,KR,KRW,2026-08-25,ready,ready,ready,delayed,ready,1087,165,165,0,0,0,165,165,116,48119,13696,6,22000,3,6000,5370,5500,630,0,0,0,7,7,3300,27476,9071,5432,1217,8807,1966,4684,967,1720,475,0,0,6,22000,0,0,62.218607,86056,0,0,33431,0,0,1.8611,23.775997,32885,4925,0,4.8276,35.527563,49139,8959,0,3.9656,2.915047,4032,19547,0,0.1491,62.218607,86056,1053835,653,84631,1614,,,,,,
2026-06-04,KR,KRW,2026-08-25,ready,ready,ready,delayed,ready,1069,147,147,0,0,0,147,147,85,45147,13293,2,6000,2,6000,5940,6000,60,0,0,0,1,1,500,26328,8790,4847,1141,8189,1919,4550,1018,1233,425,1,3000,1,3000,0,0,67.846763,93840,0,0,32357,0,0,2.0968,26.601592,36793,4861,0,5.4725,38.871753,53764,9053,0,4.2938,2.373418,3283,18443,0,0.1287,67.846763,93840,1012281,698,87031,1450,,,,,,
2026-06-05,KR,KRW,2026-08-25,ready,ready,ready,delayed,ready,1015,42,42,0,0,0,42,42,32,43852,12821,4,16000,4,8000,7920,8000,80,0,0,0,4,4,2000,25329,8498,4969,1125,7919,1828,4346,978,1289,392,1,3000,3,13000,0,0,54.508858,75392,0,0,27446,0,0,1.9860,22.224944,30740,4636,0,4.7940,31.081688,42990,8780,0,3.5401,1.202226,1663,14030,0,0.0857,54.508858,75392,23024,43,8340,535,,,,,,
2026-06-06,KR,KRW,2026-08-25,ready,ready,ready,delayed,ready,1001,53,53,0,0,0,53,53,54,43269,12643,4,12000,1,2000,1980,2000,20,0,0,0,7,7,3300,25146,8404,4981,1128,7648,1745,4208,968,1286,398,0,0,4,12000,0,0,50.874000,70365,2,0,31936,0,1596800.00,1.5930,18.307538,25321,4591,0,3.9877,31.360140,43375,8649,432450.00,3.6259,1.206322,1668,18696,0,0.0645,50.874000,70365,41625,72,12279,578,,,,,,
2026-06-07,KR,KRW,2026-08-25,ready,ready,ready,delayed,ready,1023,64,64,0,0,0,64,64,54,44552,13037,5,15000,3,8000,7520,8000,480,0,0,0,6,6,3000,25611,8679,4660,1140,8246,1832,4569,964,1466,422,0,0,5,15000,0,0,49.354155,68263,5,2,32437,0,648740.00,1.5215,20.038542,27716,4823,0,4.1548,28.230864,39047,9066,181320.00,3.1139,1.084749,1500,18548,0,0.0585,49.354155,68263,42801,79,9824,542,,,,,,
2026-06-08,KR,KRW,2026-08-25,ready,ready,ready,delayed,ready,1026,49,49,0,0,0,49,49,44,44259,13037,8,31000,3,5300,4560,4800,740,0,0,0,3,3,1500,26300,8720,4604,1136,7501,1793,4556,970,1298,418,0,0,8,31000,0,0,50.260411,69516,0,0,32458,0,0,1.5485,19.520141,26999,4635,0,4.2115,29.562268,40888,8857,0,3.3377,1.178002,1629,18966,0,0.0621,50.260411,69516,63556,101,15470,629,,,,,,
2026-06-09,KR,KRW,2026-08-25,ready,ready,ready,delayed,ready,1030,104,104,0,0,0,104,104,81,43705,12814,4,12000,3,10000,9900,10000,100,0,0,0,2,2,1000,25434,8555,4809,1103,7911,1807,4134,942,1417,407,0,0,4,12000,0,0,58.090632,80346,0,0,29217,0,0,1.9882,22.404727,30988,4715,0,4.7518,34.503009,47722,9104,0,3.7899,1.182896,1636,15398,0,0.0768,58.090632,80346,170630,239,30541,714,,,,,,
2026-06-10,KR,KRW,2026-08-25,ready,ready,ready,delayed,ready,1020,69,69,0,0,0,69,69,70,44705,13056,8,26000,3,7000,6780,7000,220,0,0,0,5,5,2300,26254,8675,4840,1171,7793,1807,4380,965,1438,438,0,0,8,26000,0,0,58.313439,80654,0,0,29359,0,0,1.9862,19.411568,26848,4684,0,4.1442,37.450526,51798,9073,0,4.1277,1.451345,2007,15602,0,0.0930,58.313439,80654,92984,139,25269,669,,,,,,
2026-06-11,KR,KRW,2026-08-25,ready,ready,ready,delayed,ready,1179,184,184,0,0,0,184,184,175,49225,14465,6,20000,4,8000,6830,7000,1170,0,0,0,10,10,5000,29748,9794,5356,1240,8507,2003,4273,985,1341,443,0,0,6,20000,0,0,71.858882,99389,2,0,32236,0,1611800.00,2.2292,26.244971,36300,5055,0,5.1919,44.099131,60994,10101,505050.00,4.3658,1.514780,2095,17080,0,0.0887,71.858882,99389,202275,383,57259,528,,,,,,
2026-06-12,KR,KRW,2026-08-25,ready,ready,ready,delayed,ready,1280,279,279,0,0,0,279,279,249,50025,14720,5,17000,2,4500,3810,4000,690,0,0,0,12,12,6000,29891,9934,5382,1285,8986,2066,4363,965,1403,470,0,0,5,17000,0,0,92.277718,127631,2,1,39574,0,1978700.00,2.3318,33.647640,46539,5189,0,6.4844,56.453547,78082,10432,521600.00,5.4116,2.176531,3010,23953,0,0.0909,92.277718,127631,368449,477,94517,772,,,,,,
2026-06-13,KR,KRW,2026-08-25,ready,ready,ready,delayed,ready,1335,325,325,0,0,0,325,325,294,52960,15651,6,18000,2,5000,4850,5000,150,0,0,0,13,13,7000,31905,10584,5976,1385,9204,2229,4360,978,1515,475,0,0,6,18000,0,0,95.555266,132164,0,0,40312,0,0,2.3704,34.361584,47526,5470,0,6.2818,58.489755,80898,10670,0,5.4817,2.703927,3740,24172,0,0.1119,95.555266,132164,395972,505,96929,784,,,,,,
2026-06-14,KR,KRW,2026-08-25,ready,ready,ready,delayed,ready,1393,309,309,0,0,0,309,309,276,52443,15767,4,12000,1,2000,1980,2000,20,0,0,0,18,18,9000,30684,10547,5994,1462,9471,2229,4799,1022,1495,507,0,0,4,12000,0,0,105.508336,145930,0,0,41599,0,0,2.5363,35.511498,49117,5722,0,6.2061,67.553971,93435,11248,0,6.0059,2.442867,3379,24629,0,0.0992,105.508336,145930,344270,503,94675,684,,,,,,
2026-06-15,KR,KRW,2026-08-25,ready,ready,ready,delayed,ready,1433,324,324,0,0,0,324,324,232,57933,16701,2,6000,3,9000,8930,9000,70,0,0,0,11,11,5500,34253,11201,6572,1533,10464,2354,5260,1093,1384,520,0,0,2,6000,0,0,98.445529,136162,2,0,42540,0,2127000.00,2.3142,34.594779,47849,5896,0,5.8675,61.708106,85350,11476,573800.00,5.3771,2.142644,2964,25168,0,0.0851,98.445529,136162,217291,310,63430,701,,,,,,
2026-06-16,KR,KRW,2026-08-25,ready,ready,ready,delayed,ready,1343,175,175,0,0,0,175,175,123,52911,15661,8,30000,2,3000,2240,2400,760,0,0,0,10,10,5000,31136,10499,6026,1424,9588,2221,4697,1075,1464,442,0,0,8,30000,0,0,90.873288,125688,4,1,40282,0,1007050.00,2.2559,33.882673,46864,5627,0,6.0214,55.198372,76346,10896,272400.00,5.0659,1.792243,2479,23759,0,0.0754,90.873288,125688,180979,244,47741,742,,,,,,
2026-06-17,KR,KRW,2026-08-25,ready,ready,ready,delayed,ready,1338,242,242,0,0,0,242,242,173,54519,16123,5,17000,5,21500,20840,21000,660,0,0,0,21,21,10500,31991,10701,6324,1504,9702,2302,4766,1099,1736,517,0,0,5,17000,0,0,91.507294,126565,0,0,37767,0,0,2.4229,36.214302,50089,5678,0,6.3780,53.630026,74177,10762,0,4.9833,1.662966,2300,21327,0,0.0780,91.507294,126565,164756,233,44595,707,,,,,,
2026-06-18,KR,KRW,2026-08-25,ready,ready,ready,ready,ready,1310,164,164,0,0,0,164,164,119,54747,15890,3,11000,4,10900,9770,10400,1130,0,0,0,6,6,2800,31928,10572,6768,1495,9878,2267,4815,1117,1358,439,0,0,3,11000,0,0,84.778237,117258,0,0,34778,0,0,2.4377,31.924148,44155,5598,0,5.7028,51.577711,71338,10652,0,4.8421,1.276378,1765,18528,0,0.0689,84.778237,117258,148550,199,37842,746,65700,645,365,56.59,180,-151739
2026-06-19,KR,KRW,2026-08-25,ready,ready,ready,ready,ready,1190,118,118,0,0,0,118,118,80,50246,14531,9,29000,1,5000,4970,5000,30,0,0,0,4,4,1800,28738,9524,5893,1385,9218,2098,5018,1080,1379,444,0,0,9,29000,0,0,63.104891,87281,0,0,33869,0,0,1.8632,22.718996,31423,5383,0,4.2205,39.111970,54096,9778,0,4.0000,1.273925,1762,18708,0,0.0681,63.104891,87281,98803,143,25962,691,66060,420,367,87.38,180,-127828
2026-06-20,KR,KRW,2026-08-25,ready,ready,ready,ready,ready,1181,136,136,0,0,0,136,136,84,49847,14375,5,19000,1,1500,990,1000,510,0,0,0,7,7,3500,28568,9538,5683,1328,9364,2041,4799,1041,1433,427,0,0,5,19000,0,0,59.561994,82381,2,0,39196,0,1959800.00,1.5196,22.363702,30932,5414,0,4.1307,35.643533,49299,9987,499350.00,3.5690,1.554759,2150,23795,0,0.0653,59.561994,82381,156680,201,33440,780,66600,433,370,85.45,180,-190746
2026-06-21,KR,KRW,2026-08-25,ready,ready,ready,ready,ready,1197,141,141,0,0,0,141,141,110,50889,14652,3,9000,7,15500,14850,15000,650,0,0,0,6,6,3000,29069,9661,6157,1400,9136,2048,4931,1046,1596,497,0,0,3,9000,0,0,65.358224,90398,15,0,38783,0,258553.33,1.6852,24.517491,33911,5437,0,4.5094,39.324219,54390,10256,68373.33,3.8343,1.516514,2098,23090,0,0.0657,65.358224,90398,135039,197,33266,685,64800,483,360,74.53,180,-160330
2026-06-22,KR,KRW,2026-08-25,ready,ready,ready,ready,ready,1227,137,137,0,0,0,137,137,101,52020,15154,9,31000,3,9000,8930,9000,70,0,0,0,10,10,5000,30250,10098,6690,1427,9463,2139,4406,1052,1211,438,0,0,9,31000,0,0,70.504806,97516,3,0,37295,0,1243166.67,1.8905,25.792877,35675,5426,0,4.7536,43.108245,59624,10256,341866.67,4.2032,1.603684,2218,21613,0,0.0742,70.504806,97516,129382,161,39939,804,65700,501,365,72.85,180,-149586
2026-06-23,KR,KRW,2026-08-25,ready,ready,ready,ready,ready,1235,144,144,0,0,0,144,144,108,51936,15119,7,21000,2,7000,6830,7000,170,0,0,0,10,10,4600,29899,9997,6356,1458,9237,2113,4889,1086,1555,465,0,0,7,21000,0,0,71.975868,99551,0,0,35267,0,0,2.0409,26.186085,36218,5608,0,4.6694,44.487032,61531,10515,0,4.2308,1.302751,1802,19144,0,0.0681,71.975868,99551,113001,172,30645,657,64260,555,357,64.32,180,-129646
2026-06-24,KR,KRW,2026-08-25,ready,ready,ready,ready,ready,1317,227,227,0,0,0,227,227,180,53370,15723,5,15000,3,8500,7620,8000,880,0,0,0,6,6,3000,31561,10443,6338,1479,9314,2244,4643,1068,1514,489,0,0,5,15000,0,0,79.321414,109711,4,0,36375,0,909375.00,2.1807,27.499234,38035,5627,0,4.8870,50.386662,69691,10736,268400.00,4.6932,1.435518,1985,20012,0,0.0717,79.321414,109711,230198,335,68902,687,65340,486,363,74.69,180,-239197
2026-06-25,KR,KRW,2026-08-25,ready,ready,ready,ready,ready,1661,919,919,0,0,0,919,919,506,65696,17133,4,14000,6,13500,12870,13000,630,0,0,0,14,14,7500,42075,11551,6655,1547,10469,2424,4861,1092,1636,519,0,0,4,14000,0,0,141.927130,196302,0,0,47687,0,0,2.9762,36.568791,50579,6128,0,5.9675,101.314486,140130,12410,0,8.1639,4.043853,5593,29149,0,0.1387,141.927130,196302,208023,342,70902,608,1118880,9049,6216,68.69,180,-1196297
2026-06-26,KR,KRW,2026-08-25,ready,ready,ready,ready,ready,1688,701,701,0,0,0,701,701,477,83518,18008,5,17000,0,0,0,0,0,0,0,0,15,15,7500,59355,12086,6873,1671,10829,2576,5021,1136,1440,539,0,0,5,17000,0,0,133.418365,184533,0,0,50527,0,0,2.6405,36.960972,51121,6420,0,5.7572,92.798299,128351,12636,0,7.3440,3.659094,5061,31471,0,0.1163,133.418365,184533,311737,488,100700,639,667080,5505,3706,67.32,180,-877802
2026-06-27,KR,KRW,2026-08-25,ready,ready,ready,ready,ready,1740,703,703,0,0,0,703,703,457,92140,18990,5,17000,8,21000,20170,20500,830,0,0,0,21,21,10500,65730,12660,7194,1755,12104,2819,5336,1182,1776,574,0,0,4,14000,1,3000,158.841211,219696,0,0,52837,0,0,3.0062,43.736493,60493,6857,0,6.3784,110.747907,153177,13228,0,8.3722,4.356811,6026,32752,0,0.1330,158.841211,219696,452400,651,156711,695,557100,4576,3095,67.64,180,-881944
2026-06-28,KR,KRW,2026-08-25,ready,ready,ready,delayed,ready,1625,294,294,0,0,0,294,294,252,93222,19525,2,8000,6,53000,52320,3000,680,0,0,0,14,14,7000,64738,12812,8398,1887,12211,2929,5876,1279,1999,618,0,0,2,8000,0,0,121.183996,167612,1,0,48725,0,4872500.00,2.4871,43.930890,60762,7176,0,6.1219,74.779250,103428,13139,1313900.00,5.6914,2.473856,3422,28410,0,0.0871,121.183996,167612,451175,547,167788,825,,,,,,
2026-06-29,KR,KRW,2026-08-25,ready,ready,ready,delayed,ready,1565,151,151,0,0,0,151,151,139,88361,18840,6,29000,8,66500,65780,6500,720,0,0,0,10,10,5500,58322,12560,7569,1724,11285,2695,5688,1313,5497,548,0,0,6,29000,0,0,101.901006,140941,0,0,45314,0,0,2.2488,37.415029,51749,6653,0,5.6238,62.517350,86469,12593,0,4.9645,1.968627,2723,26068,0,0.0755,101.901006,140941,240272,273,94678,880,,,,,,
2026-06-30,JP,JPY,2026-08-25,ready,not_connected,not_connected,not_connected,ready,1,3,3,0,0,0,3,3,1,22,2,0,0,0,0,0,0,0,0,0,0,1,1,500,22,2,0,0,0,0,0,0,0,0,0,0,0,0,0,0,,,,,,,,,,,,,,,,,,,,,,,,0,0,,,,,,,,,,
2026-06-30,KR,KRW,2026-08-25,ready,ready,ready,delayed,ready,1511,149,149,0,0,0,149,149,126,88482,18214,4,12000,3,10000,9900,10000,100,0,0,0,13,13,6300,54398,12068,7180,1690,11859,2652,5505,1275,9540,529,0,0,4,12000,0,0,104.095844,143977,0,0,50790,0,0,2.0495,39.351884,54428,6832,0,5.7599,62.295424,86162,12729,0,4.8940,2.448536,3387,31229,0,0.0784,104.095844,143977,213136,285,65107,748,,,,,,
2026-07-01,JP,JPY,2026-08-25,ready,not_connected,not_connected,not_connected,ready,0,0,0,0,0,0,0,0,0,0,0,0,0,0,0,0,0,0,0,0,0,0,0,0,0,0,0,0,0,0,0,0,0,0,0,0,0,0,0,0,,,,,,,,,,,,,,,,,,,,,,,,0,0,,,,,,,,,,
2026-07-01,KR,KRW,2026-08-25,ready,ready,ready,delayed,ready,1706,327,327,0,0,0,327,327,225,92429,19257,5,15000,6,17500,16800,17000,700,0,0,0,11,11,5500,54978,12793,7569,1794,12517,2780,5577,1299,11788,591,0,0,5,15000,0,0,115.173714,159299,0,0,53753,0,0,2.1426,36.088497,49915,7124,0,5.0658,75.851537,104912,13543,0,5.6008,3.233680,4473,33086,0,0.0977,115.173714,159299,235873,513,68972,460,,,,,,
2026-07-02,JP,JPY,2026-08-25,ready,not_connected,not_connected,not_connected,ready,0,0,0,0,0,0,0,0,0,0,0,0,0,0,0,0,0,0,0,0,0,0,0,0,0,0,0,0,0,0,0,0,0,0,0,0,0,0,0,0,,,,,,,,,,,,,,,,,,,,,,,,0,0,,,,,,,,,,
2026-07-02,KR,KRW,2026-08-25,ready,ready,ready,delayed,ready,1709,417,417,0,0,0,417,417,268,95651,19753,7,23000,2,3700,3570,3700,130,0,0,0,16,16,7600,57298,13101,8069,1862,12620,2843,6354,1362,11310,585,0,0,7,23000,0,0,128.380616,177565,0,0,50791,0,0,2.5276,39.829681,55089,7088,0,5.6193,85.234264,117889,13506,0,6.3108,3.316671,4587,30197,0,0.1098,128.380616,177565,303204,494,103806,614,,,,,,
2026-07-03,JP,JPY,2026-08-25,ready,not_connected,not_connected,not_connected,ready,1,1,1,0,0,0,1,1,1,90,11,0,0,0,0,0,0,0,0,0,0,0,0,0,80,10,0,0,0,0,0,0,10,1,0,0,0,0,0,0,,,,,,,,,,,,,,,,,,,,,,,,0,0,,,,,,,,,,
2026-07-03,KR,KRW,2026-08-25,ready,ready,ready,delayed,ready,1664,341,341,0,0,0,341,341,215,91434,19257,10,43000,2,4500,3960,4000,540,0,0,0,11,11,5500,53711,12765,7905,1784,12551,2769,6041,1380,11226,559,0,0,10,43000,0,0,105.447038,145846,0,0,48369,0,0,2.1801,36.444997,50408,7073,0,5.1527,66.537809,92030,13074,0,5.0893,2.464232,3408,28222,0,0.0873,105.447038,145846,377366,271,91351,1392,,,,,,
2026-07-04,JP,JPY,2026-08-25,ready,not_connected,not_connected,not_connected,ready,0,0,0,0,0,0,0,0,0,0,0,0,0,0,0,0,0,0,0,0,0,0,0,0,0,0,0,0,0,0,0,0,0,0,0,0,0,0,0,0,,,,,,,,,,,,,,,,,,,,,,,,0,0,,,,,,,,,,
2026-07-04,KR,KRW,2026-08-25,ready,ready,ready,delayed,ready,1570,188,188,0,0,0,188,188,130,84437,18825,3,9000,3,6500,5890,6000,610,0,0,0,4,4,2000,47749,12334,7696,1806,11721,2799,6148,1335,11123,551,0,0,3,9000,0,0,98.499944,136237,4,1,45081,0,1127025.00,2.1850,34.919966,48298,6838,0,5.1068,61.561752,85147,12514,312850.00,4.9194,2.018226,2791,25729,0,0.0784,98.499944,136237,353327,269,143686,1313,,,,,,
2026-07-05,JP,JPY,2026-08-25,ready,not_connected,not_connected,not_connected,ready,1,1,1,0,0,0,1,1,1,3,1,0,0,0,0,0,0,0,0,0,0,0,0,0,0,0,0,0,3,1,0,0,0,0,0,0,0,0,0,0,,,,,,,,,,,,,,,,,,,,,,,,0,0,,,,,,,,,,
2026-07-05,KR,KRW,2026-08-25,ready,ready,ready,ready,ready,1547,198,198,0,0,0,198,198,132,85112,18940,6,20000,1,3000,2970,3000,30,0,0,0,11,11,5500,47649,12388,7862,1844,12161,2798,5561,1336,11879,574,0,0,6,20000,0,0,96.400791,133334,0,0,52806,0,0,1.8256,37.671862,52105,7148,0,5.2703,56.505890,78154,12844,0,4.3994,2.223039,3075,32814,0,0.0677,96.400791,133334,310838,306,135981,1016,0,0,0,0,0,-262616
2026-07-06,JP,JPY,2026-08-25,ready,not_connected,not_connected,not_connected,ready,0,0,0,0,0,0,0,0,0,0,0,0,0,0,0,0,0,0,0,0,0,0,0,0,0,0,0,0,0,0,0,0,0,0,0,0,0,0,0,0,,,,,,,,,,,,,,,,,,,,,,,,0,0,,,,,,,,,,
2026-07-06,KR,KRW,2026-08-25,ready,ready,ready,ready,ready,1519,157,157,0,0,0,157,157,110,83898,18777,6,18000,6,11000,9930,10200,1070,0,0,0,12,12,6000,47132,12323,8258,1863,11934,2696,5964,1345,10610,550,0,0,6,18000,0,0,87.224247,120641,0,0,50464,0,0,1.7284,30.313726,41927,7010,0,4.3244,54.830838,75837,12955,0,4.2324,2.079683,2876,30499,0,0.0682,87.224247,120641,200698,208,92922,965,0,0,0,0,0,-163955
2026-07-07,JP,JPY,2026-08-25,ready,not_connected,not_connected,not_connected,ready,0,2,2,0,0,0,2,2,0,0,0,0,0,0,0,0,0,0,0,0,0,0,0,0,0,0,0,0,0,0,0,0,0,0,0,0,0,0,0,0,,,,,,,,,,,,,,,,,,,,,,,,0,0,,,,,,,,,,
2026-07-07,KR,KRW,2026-08-25,ready,ready,ready,ready,ready,1526,171,171,0,0,0,171,171,132,84441,18843,2,6000,2,4000,3860,4000,140,0,0,0,9,9,4500,45726,12356,8253,1831,11608,2705,6235,1367,12619,584,0,0,2,6000,0,0,97.761838,135216,2,0,46431,0,2321550.00,2.1055,35.964151,49743,6948,0,5.1762,59.495145,82289,12860,643000.00,4.6264,2.302542,3185,26623,0,0.0865,97.761838,135216,191731,230,96033,834,0,0,0,0,0,-140956
2026-07-08,JP,JPY,2026-08-25,ready,not_connected,not_connected,not_connected,ready,0,0,0,0,0,0,0,0,0,0,0,0,0,0,0,0,0,0,0,0,0,0,0,0,0,0,0,0,0,0,0,0,0,0,0,0,0,0,0,0,,,,,,,,,,,,,,,,,,,,,,,,0,0,,,,,,,,,,
2026-07-08,KR,KRW,2026-08-25,ready,ready,ready,ready,ready,1561,172,172,0,0,0,172,172,127,88263,19472,6,20000,6,13200,11440,11700,1760,0,0,0,8,8,4000,48577,12797,8390,1846,12615,2808,6330,1412,12351,609,1,3000,5,17000,0,0,95.253165,131746,2,0,45937,1,2296850.00,2.0736,34.970430,48368,7113,711300.00,4.9164,58.461111,80859,13190,1319000.00,4.4322,1.821624,2520,25634,0,0.0711,95.253165,131746,164020,313,84615,524,0,0,0,0,0,-120537
2026-07-09,JP,JPY,2026-08-25,ready,not_connected,not_connected,not_connected,ready,0,0,0,0,0,0,0,0,0,0,0,0,0,0,0,0,0,0,0,0,0,0,0,0,0,0,0,0,0,0,0,0,0,0,0,0,0,0,0,0,,,,,,,,,,,,,,,,,,,,,,,,0,0,,,,,,,,,,
2026-07-09,KR,KRW,2026-08-25,ready,ready,ready,ready,ready,1943,747,747,0,0,0,747,747,486,109120,21989,7,25000,2,5000,4700,5000,300,0,0,0,18,18,9000,68134,14730,8301,2006,13758,3191,6221,1401,12706,661,0,0,7,25000,0,0,154.662249,213916,0,0,56823,0,0,2.7218,42.600550,58922,7996,0,5.3277,109.031835,150804,15907,0,6.8543,3.029864,4191,32920,0,0.0920,154.662249,213916,265217,731,147769,363,0,0,0,0,0,-160421
2026-07-10,JP,JPY,2026-08-25,ready,not_connected,not_connected,not_connected,ready,0,1,1,0,0,0,1,1,0,0,0,0,0,0,0,0,0,0,0,0,0,0,0,0,0,0,0,0,0,0,0,0,0,0,0,0,0,0,0,0,,,,,,,,,,,,,,,,,,,,,,,,0,0,,,,,,,,,,
2026-07-10,KR,KRW,2026-08-25,ready,ready,ready,ready,ready,2566,1791,1791,0,0,0,1791,1791,958,130730,24290,5,17000,3,17000,16880,17000,120,0,0,0,20,20,10000,88870,16626,8794,2124,14207,3458,6257,1425,12602,657,0,0,4,14000,1,3000,303.999987,420468,0,0,73835,0,0,4.1173,60.296304,83397,8385,0,7.1910,234.215329,323947,17608,0,13.3016,9.488354,13124,47842,0,0.1983,303.999987,420468,230236,569,124653,405,2154600,24059,11970,49.75,180,-2095098
2026-07-11,JP,JPY,2026-08-25,ready,not_connected,not_connected,not_connected,ready,0,0,0,0,0,0,0,0,0,0,0,0,0,0,0,0,0,0,0,0,0,0,0,0,0,0,0,0,0,0,0,0,0,0,0,0,0,0,0,0,,,,,,,,,,,,,,,,,,,,,,,,0,0,,,,,,,,,,
2026-07-11,KR,KRW,2026-08-25,ready,ready,ready,ready,ready,2385,1296,1296,0,0,0,1296,1296,728,129375,23914,1,3000,11,20000,17820,18000,2180,0,0,0,27,27,13500,83543,15861,9880,2305,15838,3590,6452,1482,13662,676,0,0,1,3000,0,0,296.345468,409881,0,0,69922,0,0,4.2382,70.592440,97638,8695,0,8.1187,217.152309,300347,16435,0,13.2128,8.600719,11896,44792,0,0.1920,296.345468,409881,516224,762,257566,677,2540700,28601,14115,49.35,180,-2776418
2026-07-12,JP,JPY,2026-08-25,ready,not_connected,not_connected,not_connected,ready,0,0,0,0,0,0,0,0,0,0,0,0,0,0,0,0,0,0,0,0,0,0,0,0,0,0,0,0,0,0,0,0,0,0,0,0,0,0,0,0,,,,,,,,,,,,,,,,,,,,,,,,0,0,,,,,,,,,,
2026-07-12,KR,KRW,2026-08-25,ready,ready,ready,ready,ready,2300,1074,1074,0,0,0,1074,1074,576,127749,24432,6,18000,6,11500,10890,11000,610,0,0,0,26,26,13000,82028,16208,10016,2322,14756,3555,7046,1601,13903,746,0,0,6,18000,0,0,273.117783,377754,2,0,68705,0,3435250.00,3.9752,75.452698,104360,9043,0,8.3438,190.601757,263625,16935,846750.00,11.2549,7.063328,9769,42727,0,0.1653,273.117783,377754,403427,457,225313,883,1996740,24247,11093,45.75,180,-2150162
2026-07-13,JP,JPY,2026-08-25,ready,not_connected,not_connected,not_connected,ready,2,3,3,0,0,0,3,3,2,149,16,0,0,0,0,0,0,0,0,0,0,0,0,0,130,12,0,0,9,3,0,0,10,1,0,0,0,0,0,0,,,,,,,,,,,,,,,,,,,,,,,,0,0,,,,,,,,,,
2026-07-13,KR,KRW,2026-08-25,ready,ready,ready,ready,ready,2498,1521,1521,0,0,0,1521,1521,762,131587,25279,6,18000,6,10800,9610,9800,1190,0,0,0,21,21,10500,85327,16961,9580,2330,15616,3646,7684,1617,13380,725,0,0,6,18000,0,0,335.421129,463927,2,0,75960,0,3798000.00,4.4158,76.541557,105866,9771,0,7.8335,244.767361,338542,19087,954350.00,12.8238,14.112211,19519,47102,0,0.2996,335.421129,463927,1074309,613,457026,1753,3049920,29714,16944,57.02,180,-3791889
2026-07-14,JP,JPY,2026-08-25,ready,not_connected,not_connected,not_connected,ready,3,1,1,0,0,0,1,1,2,231,24,0,0,0,0,0,0,0,0,0,0,0,0,0,213,21,0,0,18,3,0,0,0,0,0,0,0,0,0,0,,,,,,,,,,,,,,,,,,,,,,,,0,0,,,,,,,,,,
2026-07-14,KR,KRW,2026-08-25,ready,ready,ready,ready,ready,1920,284,284,0,0,0,284,284,205,128603,25465,3,9000,7,18700,16710,17200,1990,0,0,0,9,9,4500,77047,16686,8180,1947,14476,3308,12457,2668,16443,856,0,0,3,9000,0,0,154.123891,213171,2,1,65696,0,3284800.00,2.3460,52.839823,73084,10125,0,5.2187,97.575761,134959,18354,917700.00,5.3163,3.708307,5129,37217,0,0.0996,154.123891,213171,704230,394,299013,1787,258120,1806,1434,79.40,180,-877782
2026-07-15,JP,JPY,2026-08-25,ready,not_connected,not_connected,not_connected,ready,0,0,0,0,0,0,0,0,0,0,0,0,0,0,0,0,0,0,0,0,0,0,0,0,0,0,0,0,0,0,0,0,0,0,0,0,0,0,0,0,,,,,,,,,,,,,,,,,,,,,,,,0,0,,,,,,,,,,
2026-07-15,KR,KRW,2026-08-25,ready,ready,ready,ready,ready,1878,141,141,0,0,0,141,141,117,120508,25170,5,17000,5,10600,9740,10100,860,0,0,0,8,8,4000,67895,16262,8600,1952,14847,3331,13275,2864,15891,761,0,0,5,17000,0,0,133.686633,184904,0,0,61129,0,0,2.1870,48.987611,67756,9324,0,5.2539,81.664861,112952,16934,0,4.8225,3.034161,4197,34871,0,0.0870,133.686633,184904,430544,270,163326,1595,0,0,0,0,0,-366148
2026-07-16,JP,JPY,2026-08-25,ready,not_connected,not_connected,not_connected,ready,1,1,1,0,0,0,1,1,1,32,3,0,0,0,0,0,0,0,0,0,0,0,0,0,18,1,0,0,14,2,0,0,0,0,0,0,0,0,0,0,,,,,,,,,,,,,,,,,,,,,,,,0,0,,,,,,,,,,
2026-07-16,KR,KRW,2026-08-25,ready,ready,ready,ready,ready,2208,740,740,0,0,0,740,740,456,127358,26006,7,23000,7,12700,11490,11700,1210,0,0,0,15,15,7500,72308,16993,8324,1939,14809,3357,13317,2877,18600,840,0,0,7,23000,0,0,263.243931,364097,0,0,62590,0,0,4.2058,67.642342,93557,9346,0,7.2376,184.902929,255742,17478,0,10.5792,10.698660,14798,35766,0,0.2991,263.243931,364097,290536,417,93144,697,1261260,12581,7007,55.70,180,-1315057
2026-07-17,JP,JPY,2026-08-25,ready,not_connected,not_connected,not_connected,ready,1,1,1,0,0,0,1,1,1,5,1,0,0,0,0,0,0,0,0,0,0,0,0,0,5,1,0,0,0,0,0,0,0,0,0,0,0,0,0,0,,,,,,,,,,,,,,,,,,,,,,,,0,0,,,,,,,,,,
2026-07-17,KR,KRW,2026-08-25,ready,ready,ready,ready,ready,2411,1020,1020,0,0,0,1020,1020,585,132711,27211,5,15000,4,10500,9920,10000,580,0,0,0,9,9,4500,79044,17954,8902,2084,15220,3487,12602,2864,16943,822,0,0,5,15000,0,0,322.327801,445817,0,0,71594,0,0,4.5022,84.747652,117216,9947,0,8.5199,224.020651,309847,18709,0,11.9740,13.559498,18754,42938,0,0.3158,322.327801,445817,571571,788,206874,725,2374380,25410,13191,51.91,180,-2632845
2026-07-18,JP,JPY,2026-08-25,ready,not_connected,not_connected,not_connected,ready,0,0,0,0,0,0,0,0,0,0,0,0,0,0,0,0,0,0,0,0,0,0,0,0,0,0,0,0,0,0,0,0,0,0,0,0,0,0,0,0,,,,,,,,,,,,,,,,,,,,,,,,0,0,,,,,,,,,,
2026-07-18,KR,KRW,2026-08-25,ready,ready,ready,ready,ready,2429,924,924,0,0,0,924,924,588,139810,27889,4,12000,3,5000,3960,4000,1040,0,0,0,27,27,13500,82201,18309,8859,2116,15658,3658,13032,2919,20060,887,0,0,4,12000,0,0,284.491137,393485,0,0,73508,0,0,3.8702,68.850293,95228,9817,0,7.0134,204.627307,283024,18564,0,11.0228,11.013537,15233,45127,0,0.2441,284.491137,393485,996238,996,382460,1000,2371140,25726,13173,51.21,180,-3113703
2026-07-19,JP,JPY,2026-08-25,ready,not_connected,not_connected,not_connected,ready,1,0,0,0,0,0,0,0,0,25,9,0,0,0,0,0,0,0,0,0,0,0,0,0,25,9,0,0,0,0,0,0,0,0,0,0,0,0,0,0,,,,,,,,,,,,,,,,,,,,,,,,0,0,,,,,,,,,,
2026-07-19,KR,KRW,2026-08-25,ready,ready,ready,ready,ready,2447,889,889,0,0,0,889,889,541,143725,28396,9,38000,8,24500,23760,24000,740,0,0,0,16,16,8000,82732,18479,9262,2146,16623,3735,15423,3121,19685,915,0,0,9,38000,0,0,312.537750,432276,0,0,74787,0,0,4.1790,77.410612,107068,10574,0,7.3208,224.000437,309819,19659,0,11.3943,11.126701,15390,44554,0,0.2497,312.537750,432276,477026,736,207697,648,2146140,23862,11923,49.97,180,-2334615
2026-07-20,JP,JPY,2026-08-25,ready,not_connected,not_connected,not_connected,ready,1,1,1,0,0,0,1,1,1,101,15,0,0,0,0,0,0,0,0,0,0,0,0,0,78,10,3,1,10,3,0,0,10,1,0,0,0,0,0,0,,,,,,,,,,,,,,,,,,,,,,,,0,0,,,,,,,,,,
2026-07-20,KR,KRW,2026-08-25,ready,ready,ready,ready,ready,2362,701,701,0,0,0,701,701,422,146039,28113,8,24000,6,25000,24700,25000,300,0,0,0,15,15,7500,87300,18244,9506,2202,16241,3671,13792,3116,19200,880,0,0,8,24000,0,0,238.012209,329199,0,0,67003,0,0,3.5523,67.977439,94021,10435,0,6.5144,162.428555,224658,18686,0,8.6925,7.606215,10520,37882,0,0.2008,238.012209,329199,307502,677,137041,454,1321200,16922,7340,43.38,180,-1445542
2026-07-21,JP,JPY,2026-08-25,ready,not_connected,not_connected,not_connected,ready,4,3,3,0,0,0,3,3,3,93,10,0,0,0,0,0,0,0,0,0,0,0,0,0,87,8,6,2,0,0,0,0,0,0,0,0,0,0,0,0,,,,,,,,,,,,,,,,,,,,,,,,0,0,,,,,,,,,,
2026-07-21,KR,KRW,2026-08-25,ready,ready,ready,ready,ready,2337,668,668,0,0,0,668,668,402,160743,28467,6,18000,3,8000,7820,8000,180,0,0,0,13,13,6500,100870,18409,10006,2185,16197,3755,14160,3209,19510,909,0,0,6,18000,0,0,227.960990,315297,2,0,69534,0,3476700.00,3.2784,64.359942,89017,10485,0,6.1383,155.644828,215275,19348,967400.00,8.0445,7.956220,11004,39701,0,0.2004,227.960990,315297,459583,743,236820,619,909180,10900,5051,46.34,180,-1214209
2026-07-22,JP,JPY,2026-08-25,ready,not_connected,not_connected,not_connected,ready,4,2,2,0,0,0,2,2,1,186,18,0,0,0,0,0,0,0,0,0,0,0,0,0,166,16,0,0,10,1,0,0,10,1,0,0,0,0,0,0,,,,,,,,,,,,,,,,,,,,,,,,0,0,,,,,,,,,,
2026-07-22,KR,KRW,2026-08-25,ready,ready,ready,ready,ready,2362,615,615,0,0,0,615,615,384,164551,29317,10,36000,5,15100,14660,15100,440,0,0,0,16,16,8000,103341,18949,9947,2271,16832,3858,14980,3326,19451,913,0,0,10,36000,0,0,221.476953,306329,0,0,71754,0,0,3.0866,58.431034,80817,10882,0,5.3695,156.591307,216584,19492,0,8.0336,6.454612,8927,41380,0,0.1560,221.476953,306329,683194,1045,354366,654,560880,6617,3116,47.09,180,-1102296
2026-07-23,JP,JPY,2026-08-25,ready,not_connected,not_connected,not_connected,ready,1,0,0,0,0,0,0,0,0,54,11,0,0,0,0,0,0,0,0,0,0,0,0,0,51,10,0,0,3,1,0,0,0,0,0,0,0,0,0,0,,,,,,,,,,,,,,,,,,,,,,,,0,0,,,,,,,,,,
2026-07-23,KR,KRW,2026-08-25,ready,ready,ready,ready,ready,2264,519,519,0,0,0,519,519,295,159015,28779,10,30000,3,6000,5840,6000,160,0,0,0,16,16,7800,97660,18589,9288,2224,16926,3786,15091,3281,20050,899,0,0,10,30000,0,0,185.697476,256841,0,0,70082,0,0,2.6497,51.905301,71791,10786,0,4.8123,127.103377,175799,19051,0,6.6717,6.688798,9251,40245,0,0.1662,185.697476,256841,391275,2381,188502,164,356580,3725,1981,53.18,180,-650029
2026-07-24,JP,JPY,2026-08-25,ready,not_connected,not_connected,not_connected,ready,1,0,0,0,0,0,0,0,0,90,13,0,0,0,0,0,0,0,0,0,0,0,0,0,64,10,0,0,6,2,0,0,20,1,0,0,0,0,0,0,,,,,,,,,,,,,,,,,,,,,,,,0,0,,,,,,,,,,
2026-07-24,KR,KRW,2026-08-25,ready,ready,ready,ready,ready,2760,1489,1489,0,0,0,1489,1489,810,180512,31105,14,51000,4,8500,7770,8000,730,0,0,0,33,33,16300,118026,20569,9657,2274,17086,4023,15330,3284,20413,955,0,0,14,51000,0,0,248.231433,343333,0,0,83384,0,0,2.9770,60.166039,83217,11053,0,5.4434,176.686578,244378,21583,0,8.1864,11.378816,15738,50748,0,0.2242,248.231433,343333,15174,203,7764,75,1891440,15374,10508,68.35,180,-1743793
2026-07-25,JP,JPY,2026-08-25,ready,not_connected,not_connected,not_connected,ready,1,0,0,0,0,0,0,0,0,42,11,0,0,0,0,0,0,0,0,0,0,0,0,0,39,10,0,0,3,1,0,0,0,0,0,0,0,0,0,0,,,,,,,,,,,,,,,,,,,,,,,,0,0,,,,,,,,,,
2026-07-25,KR,KRW,2026-08-25,ready,ready,ready,ready,ready,2675,1125,1125,0,0,0,1125,1125,646,180225,31110,10,32000,3,5500,4950,5000,550,0,0,0,25,25,12500,116331,20419,9710,2308,17728,4076,14906,3323,21550,984,0,0,10,32000,0,0,205.469590,284189,0,0,78082,0,0,2.6315,54.337226,75155,11216,0,4.8446,144.041907,199227,20555,0,7.0076,7.090457,9807,46311,0,0.1531,205.469590,284189,25171,57,2973,442,2118240,16088,11768,73.15,180,-2039447
2026-07-26,JP,JPY,2026-08-25,ready,not_connected,not_connected,not_connected,ready,2,2,2,0,0,0,2,2,1,90,13,0,0,0,0,0,0,0,0,0,0,0,0,0,60,12,0,0,0,0,0,0,30,1,0,0,0,0,0,0,,,,,,,,,,,,,,,,,,,,,,,,0,0,,,,,,,,,,
2026-07-26,KR,KRW,2026-08-25,ready,ready,ready,ready,ready,2642,1003,1003,0,0,0,1003,1003,539,183375,31836,15,53000,5,11500,10740,11000,760,0,0,0,22,22,11000,117061,20760,10205,2382,18060,4147,15724,3526,22325,1021,0,0,15,53000,0,0,221.800747,306776,0,0,86753,0,0,2.5567,62.996333,87131,11688,0,5.3898,149.990270,207454,21644,0,6.9299,8.814144,12191,53421,0,0.1650,221.800747,306776,14621,44,1878,332,2089440,15098,11608,76.88,180,-1980660
2026-07-27,JP,JPY,2026-08-25,ready,not_connected,not_connected,not_connected,ready,1,1,1,0,0,0,1,1,0,42,10,0,0,0,0,0,0,0,0,0,0,0,0,0,42,10,0,0,0,0,0,0,0,0,0,0,0,0,0,0,,,,,,,,,,,,,,,,,,,,,,,,0,0,,,,,,,,,,
2026-07-27,KR,KRW,2026-08-25,ready,ready,ready,ready,ready,2591,780,780,0,0,0,780,780,443,180903,31918,7,23000,14,36500,34920,35500,1580,0,0,0,14,14,7000,115233,20792,10089,2320,18115,4176,15936,3613,21530,1017,0,0,7,23000,0,0,198.933933,275149,0,0,87651,0,0,2.2696,59.099898,81742,11876,0,4.9764,132.116182,182732,21538,0,6.1341,7.717853,10675,54237,0,0.1423,198.933933,275149,61344,44,3270,1394,2245140,16278,12473,76.62,180,-2212238
2026-07-28,JP,JPY,2026-08-25,ready,not_connected,not_connected,not_connected,ready,2,1,1,0,0,0,1,1,1,105,13,0,0,0,0,0,0,0,0,0,0,0,0,0,52,11,0,0,3,1,0,0,50,1,0,0,0,0,0,0,,,,,,,,,,,,,,,,,,,,,,,,0,0,,,,,,,,,,
2026-07-28,KR,KRW,2026-08-25,ready,ready,ready,ready,ready,2452,616,616,0,0,0,616,616,341,174999,31394,9,27000,6,22200,21440,21800,760,0,0,0,18,18,9000,108853,20193,10558,2450,17630,4158,16078,3602,21880,991,0,0,9,27000,0,0,204.167348,282387,0,0,82144,0,0,2.4855,59.185575,81861,11447,0,5.1704,137.853611,190668,20524,0,6.7167,7.128162,9859,50173,0,0.1421,204.167348,282387,60878,90,6581,676,2536380,18072,14091,77.97,180,-2489870
2026-07-29,JP,JPY,2026-08-25,ready,not_connected,not_connected,not_connected,ready,0,1,1,0,0,0,1,1,0,0,0,0,0,0,0,0,0,0,0,0,0,0,0,0,0,0,0,0,0,0,0,0,0,0,0,0,0,0,0,0,,,,,,,,,,,,,,,,,,,,,,,,0,0,,,,,,,,,,
2026-07-29,KR,KRW,2026-08-25,ready,ready,ready,ready,ready,2444,679,679,0,0,0,679,679,383,169187,30515,8,28000,9,21300,20250,20800,1050,0,0,0,24,24,12000,104288,19757,9765,2225,17335,4005,16048,3549,21751,979,0,0,7,25000,1,3000,190.884609,264016,1,0,77903,0,7790300.00,2.4503,52.542425,72672,11260,0,4.6663,132.398348,183122,20175,2017500.00,6.5625,5.943836,8221,46468,0,0.1279,190.884609,264016,46534,136,6467,342,3124800,22632,17360,76.71,180,-3076505
2026-07-30,JP,JPY,2026-08-25,ready,not_connected,not_connected,not_connected,ready,0,0,0,0,0,0,0,0,0,0,0,0,0,0,0,0,0,0,0,0,0,0,0,0,0,0,0,0,0,0,0,0,0,0,0,0,0,0,0,0,,,,,,,,,,,,,,,,,,,,,,,,0,0,,,,,,,,,,
2026-07-30,KR,KRW,2026-08-25,ready,ready,ready,ready,ready,2472,667,667,0,0,0,667,667,377,171305,31191,16,52000,9,16500,14250,14500,2250,0,0,0,11,11,5300,104285,20145,9685,2306,18052,4086,16613,3634,22670,1020,0,0,16,52000,0,0,195.215215,270006,0,0,77884,0,0,2.5065,57.450584,79461,11613,0,4.9471,131.251762,181537,20884,0,6.2848,6.512869,9008,45387,0,0.1435,195.215215,270006,32906,104,5944,316,2691180,19140,14951,78.11,180,-2625385
2026-07-31,JP,JPY,2026-08-25,ready,not_connected,not_connected,not_connected,ready,0,2,2,0,0,0,2,2,0,0,0,0,0,0,0,0,0,0,0,0,0,0,0,0,0,0,0,0,0,0,0,0,0,0,0,0,0,0,0,0,,,,,,,,,,,,,,,,,,,,,,,,0,0,,,,,,,,,,
2026-07-31,KR,KRW,2026-08-25,ready,ready,ready,ready,ready,2359,558,558,0,0,0,558,558,319,164376,30008,19,61000,7,15500,14670,15000,830,0,0,0,12,12,6000,98185,19282,10344,2276,17615,3934,16079,3556,22153,960,0,0,19,61000,0,0,169.784195,234831,0,0,67273,0,0,2.5238,49.205100,68056,10902,0,4.5134,115.895579,160297,19128,0,6.0589,4.683516,6478,37243,0,0.1258,169.784195,234831,0,0,1,0,2002860,14886,11127,74.75,180,-1932405
2026-08-01,JP,JPY,2026-08-25,ready,not_connected,not_connected,not_connected,ready,1,1,1,0,0,0,1,1,1,24,4,0,0,0,0,0,0,0,0,0,0,0,0,0,16,2,0,0,8,2,0,0,0,0,0,0,0,0,0,0,,,,,,,,,,,,,,,,,,,,,,,,0,0,,,,,,,,,,
2026-08-01,KR,KRW,2026-08-25,ready,ready,ready,ready,ready,2079,39,39,0,0,0,39,39,36,154092,29338,11,33000,11,30100,28760,29200,1340,0,0,0,7,7,3500,89762,18790,9632,2241,16330,3772,16138,3568,22230,967,0,0,11,33000,0,0,106.162141,146835,0,0,62998,0,0,1.6852,40.755808,56370,11192,0,3.6415,63.550010,87897,19522,0,3.2553,1.856323,2568,32284,0,0.0575,106.162141,146835,892,0,28,0,0,0,0,0,0,-8149
2026-08-02,JP,JPY,2026-08-25,ready,not_connected,not_connected,not_connected,ready,1,1,1,0,0,0,1,1,1,100,11,0,0,0,0,0,0,0,0,0,0,0,0,0,90,10,0,0,0,0,0,0,10,1,0,0,0,0,0,0,,,,,,,,,,,,,,,,,,,,,,,,0,0,,,,,,,,,,
2026-08-02,KR,KRW,2026-08-25,ready,ready,ready,ready,ready,2024,27,27,0,0,0,27,27,24,152617,29274,13,41000,11,23000,20790,21000,2210,0,0,0,6,6,3000,87376,18533,9455,2252,17291,3875,16100,3642,22395,972,0,0,13,41000,0,0,112.629509,155780,0,0,61863,0,0,1.8206,42.627602,58959,11016,0,3.8696,68.362805,94554,18887,0,3.6196,1.639102,2267,31960,0,0.0513,112.629509,155780,5086,8,1294,636,0,0,0,0,0,-1923
2026-08-03,JP,JPY,2026-08-25,ready,not_connected,not_connected,not_connected,ready,3,3,3,0,0,0,3,3,3,189,19,0,0,0,0,0,0,0,0,0,0,0,0,0,186,18,0,0,3,1,0,0,0,0,0,0,0,0,0,0,,,,,,,,,,,,,,,,,,,,,,,,0,0,,,,,,,,,,
2026-08-03,KR,KRW,2026-08-25,ready,ready,ready,ready,ready,2113,128,123,5,0,0,123,128,108,159130,30242,8,26000,15,44100,42960,43600,1140,0,0,0,9,9,4500,92305,19139,10346,2361,17372,4020,16347,3699,22760,1023,0,0,8,26000,0,0,258.523625,357569,4,1,78112,0,1952800.00,3.3097,60.327447,83440,11769,0,5.1260,100.941603,139614,19697,492425.00,5.1247,97.254575,134515,46646,0,2.0849,258.523625,357569,760608,474,356645,1605,0,0,0,0,0,-562169
2026-08-04,JP,JPY,2026-08-25,ready,not_connected,not_connected,not_connected,ready,5,6,0,6,2,0,2,6,5,205,27,0,0,0,0,0,0,0,0,0,0,0,0,0,166,18,9,3,13,3,7,2,10,1,0,0,0,0,0,0,,,,,,,,,,,,,,,,,,,,,,,,0,0,,,,,,,,,,
2026-08-04,KR,KRW,2026-08-25,ready,ready,ready,delayed,ready,2131,150,90,60,8,3,98,150,105,160365,30549,22,90000,18,67800,64840,65800,2960,0,0,0,12,12,7000,94522,19385,9826,2342,17126,4039,17161,3810,21730,973,0,0,22,90000,0,0,386.536421,534625,2,0,80075,0,4003750.00,4.8272,99.864694,138125,11465,0,8.7104,121.724249,168359,19530,976500.00,6.2327,164.947478,228142,49080,0,3.3608,386.536421,534625,734695,596,406242,1233,,,,,,
2026-08-05,JP,JPY,2026-08-25,ready,not_connected,not_connected,not_connected,ready,12,17,0,17,4,1,4,17,10,1114,118,0,0,0,0,0,0,0,0,0,0,0,0,0,861,78,87,10,68,13,48,12,50,5,0,0,0,0,0,0,,,,,,,,,,,,,,,,,,,,,,,,0,0,,,,,,,,,,
2026-08-05,KR,KRW,2026-08-25,ready,ready,ready,delayed,ready,2135,165,91,74,7,15,98,165,112,162477,30780,11,40000,10,25500,24620,25000,880,0,0,0,6,6,3000,95452,19530,10056,2343,17646,4074,16843,3834,22480,999,1,3000,10,37000,0,0,592.534441,819545,1,0,75731,0,7573100.00,7.8242,125.826157,174032,11826,0,10.6398,201.681861,278950,19667,1966700.00,10.2548,265.026423,366563,44238,0,5.9909,592.534441,819545,258339,455,101160,568,,,,,,
2026-08-06,JP,JPY,2026-08-25,ready,not_connected,not_connected,not_connected,ready,18,19,3,16,6,1,9,19,14,1363,172,0,0,0,0,0,0,0,0,0,0,1,1,500,1034,104,80,19,74,22,105,21,70,6,0,0,0,0,0,0,,,,,,,,,,,,,,,,,,,,,,,,0,0,,,,,,,,,,
2026-08-06,KR,KRW,2026-08-25,ready,ready,ready,delayed,ready,2145,171,84,87,9,4,93,171,122,160726,30439,10,32000,6,21500,21210,21500,290,0,0,0,5,5,2500,95115,19526,10400,2290,17289,3988,15991,3663,21931,972,0,0,10,32000,0,0,630.315338,871800,0,0,77711,0,0,8.1110,127.666597,176578,11842,0,10.7808,218.242569,301855,20250,0,10.7774,284.406172,393367,45619,0,6.2344,630.315338,871800,227118,446,84772,509,,,,,,
2026-08-07,JP,JPY,2026-08-25,ready,not_connected,not_connected,not_connected,ready,23,14,0,14,7,0,7,14,13,1959,225,0,0,0,0,0,0,0,0,0,0,0,0,0,1529,146,81,21,194,30,85,22,70,6,0,0,0,0,0,0,,,,,,,,,,,,,,,,,,,,,,,,0,0,,,,,,,,,,
2026-08-07,KR,KRW,2026-08-25,ready,ready,ready,delayed,ready,2098,119,57,62,8,3,65,119,79,161154,30083,14,42000,12,25400,23310,23900,2090,0,0,0,6,6,3000,93717,19113,9985,2289,17729,3978,16353,3713,23370,990,0,0,14,42000,0,0,589.335927,815121,0,0,74863,0,0,7.8722,122.351957,169227,11469,0,10.6681,199.723820,276242,19186,0,10.4099,267.260150,369652,44208,0,6.0455,589.335927,815121,185634,379,62724,490,,,,,,
2026-08-08,JP,JPY,2026-08-25,ready,not_connected,not_connected,not_connected,ready,20,12,0,12,4,0,4,12,11,1709,193,0,0,0,0,0,0,0,0,0,0,0,0,0,1404,144,54,9,81,18,50,15,120,7,0,0,0,0,0,0,,,,,,,,,,,,,,,,,,,,,,,,0,0,,,,,,,,,,
2026-08-08,KR,KRW,2026-08-25,ready,ready,ready,delayed,ready,2130,160,85,75,7,8,92,160,115,163208,30628,22,79000,16,49800,48010,48800,1790,0,0,0,12,12,5800,95296,19387,9865,2362,17679,4043,17435,3843,22933,993,1,5000,21,74000,0,0,616.410780,852569,2,0,78425,0,3921250.00,7.8599,128.022885,177071,11751,0,10.8946,212.153310,293433,19708,985400.00,10.7648,276.234585,382065,46966,0,5.8816,616.410780,852569,237058,465,78714,510,,,,,,
2026-08-09,JP,JPY,2026-08-25,ready,not_connected,not_connected,not_connected,ready,27,16,1,15,9,1,10,16,13,2593,327,0,0,0,0,0,0,0,0,0,0,0,0,0,1919,205,90,20,207,45,197,42,180,15,0,0,0,0,0,0,,,,,,,,,,,,,,,,,,,,,,,,0,0,,,,,,,,,,
2026-08-09,KR,KRW,2026-08-25,ready,ready,ready,delayed,ready,2147,157,90,67,9,4,99,157,109,166048,30934,19,65000,14,27100,23060,23800,4040,0,0,0,13,13,6500,95881,19527,11042,2455,18619,4107,17536,3849,22970,996,0,0,19,65000,0,0,623.840958,862845,0,0,78933,0,0,7.9034,132.749975,183609,12577,0,10.5550,221.956241,306992,20720,0,10.7122,269.134742,372245,45636,0,5.8974,623.840958,862845,240642,444,77782,542,,,,,,
2026-08-10,JP,JPY,2026-08-25,ready,not_connected,not_connected,not_connected,ready,19,8,0,8,2,0,2,8,6,1720,204,0,0,0,0,0,0,0,0,0,0,0,0,0,1335,141,41,13,137,22,137,24,70,4,0,0,0,0,0,0,,,,,,,,,,,,,,,,,,,,,,,,0,0,,,,,,,,,,
2026-08-10,KR,KRW,2026-08-25,ready,ready,ready,delayed,ready,2186,168,103,65,6,9,109,168,110,164275,31089,23,84000,17,36800,32230,30000,4570,0,0,0,7,7,3500,96152,19779,10276,2349,17666,4112,17126,3825,23055,1024,0,0,23,84000,0,0,567.500097,784919,0,0,75173,0,0,7.5493,121.416520,167933,11696,0,10.3810,211.900770,293084,19897,0,10.6499,234.182807,323902,43580,0,5.3736,567.500097,784919,232047,650,82823,357,,,,,,
2026-08-11,JP,JPY,2026-08-25,ready,not_connected,not_connected,not_connected,ready,25,29,4,25,7,1,11,29,13,2139,267,0,0,0,0,0,0,0,0,0,0,1,1,500,1611,173,68,19,123,34,97,28,240,13,0,0,0,0,0,0,,,,,,,,,,,,,,,,,,,,,,,,0,0,,,,,,,,,,
2026-08-11,KR,KRW,2026-08-25,ready,ready,ready,ready,ready,5668,9327,3968,5359,163,11,4131,9327,3452,296639,45316,17,59000,13,33000,31380,32000,1620,0,0,0,36,36,18000,217771,31896,11647,2669,24141,5341,18250,4168,24830,1242,0,0,17,59000,0,0,1419.613127,1963492,0,0,157930,0,0,8.9889,193.175014,267184,15496,0,12.4661,565.436076,782065,34247,0,16.5105,661.002037,914243,108187,0,6.1098,1419.613127,1963492,210471,624,75482,337,3500448,40773,20836,51.10,168,-2044066
2026-08-12,JP,JPY,2026-08-25,ready,not_connected,not_connected,not_connected,ready,23,14,1,13,2,0,3,14,8,1489,209,0,0,0,0,0,0,0,0,0,0,0,0,0,1216,144,34,9,92,27,97,26,50,3,0,0,0,0,0,0,,,,,,,,,,,,,,,,,,,,,,,,0,0,,,,,,,,,,
2026-08-12,KR,KRW,2026-08-25,ready,ready,ready,ready,ready,4863,6642,2257,4385,144,13,2401,6642,2311,286039,44576,16,59000,14,33400,31450,31900,1950,0,0,0,31,31,15500,203411,30381,12662,2876,24282,5580,20114,4479,25570,1260,0,0,16,59000,0,0,1107.097494,1531246,0,0,124713,0,0,8.8772,189.100398,261548,15298,0,12.3611,413.351365,571714,28466,0,14.5209,504.645731,697984,80949,0,6.2341,1107.097494,1531246,394889,492,195553,803,744912,9882,4434,44.87,168,105406
2026-08-13,JP,JPY,2026-08-25,ready,not_connected,not_connected,not_connected,ready,24,10,0,10,2,0,2,10,9,1642,221,0,0,0,0,0,0,0,0,0,0,0,0,0,1174,147,44,13,124,32,70,19,230,10,0,0,0,0,0,0,,,,,,,,,,,,,,,,,,,,,,,,0,0,,,,,,,,,,
2026-08-13,KR,KRW,2026-08-25,ready,ready,ready,delayed,ready,2742,198,108,90,29,8,137,198,181,219141,37350,21,67000,8,16000,14230,14500,1770,0,0,0,14,14,7000,139789,24081,11867,2775,22077,4981,19827,4338,25581,1175,0,0,21,67000,0,0,681.331262,942361,0,0,96175,0,0,7.0843,152.651598,211135,14194,0,10.7547,252.160422,348767,23776,0,10.6057,276.519242,382459,58205,0,4.7508,681.331262,942361,728140,427,280011,1705,,,,,,
2026-08-14,JP,JPY,2026-08-25,ready,not_connected,not_connected,not_connected,ready,20,5,0,5,3,0,3,5,5,1553,238,0,0,0,0,0,0,0,0,0,0,0,0,0,1102,164,57,17,131,30,123,19,140,8,0,0,0,0,0,0,,,,,,,,,,,,,,,,,,,,,,,,0,0,,,,,,,,,,
2026-08-14,KR,KRW,2026-08-25,ready,ready,ready,delayed,ready,2542,125,54,71,13,5,67,125,97,203150,35612,13,39000,12,25500,23710,24000,1790,0,0,0,10,10,5000,125393,22668,11721,2649,20828,4801,19098,4342,26110,1152,0,0,13,39000,0,0,656.991999,908697,3,1,92045,0,3068166.67,7.1377,144.068607,199264,13793,0,10.4451,238.044647,329244,22925,764166.67,10.3836,274.878745,380190,55327,0,4.9683,656.991999,908697,733614,269,196592,2727,,,,,,
2026-08-15,JP,JPY,2026-08-25,ready,not_connected,not_connected,not_connected,ready,20,8,1,7,3,0,4,8,6,1430,210,0,0,0,0,0,0,0,0,0,0,1,1,500,949,153,23,7,138,23,70,20,250,7,0,0,0,0,0,0,,,,,,,,,,,,,,,,,,,,,,,,0,0,,,,,,,,,,
2026-08-15,KR,KRW,2026-08-25,ready,ready,ready,delayed,ready,2486,137,75,62,10,9,85,137,114,195976,35398,20,64000,9,25300,24950,25300,350,0,0,0,7,7,3500,117339,22318,12209,2783,20313,4757,19962,4380,26153,1160,1,5000,19,59000,0,0,650.090194,899151,0,0,91820,0,0,7.0801,141.771544,196087,13746,0,10.3137,234.570969,324439,22812,0,10.2828,273.747681,378625,55262,0,4.9536,650.090194,899151,215503,361,85222,597,,,,,,
2026-08-16,JP,JPY,2026-08-25,ready,not_connected,not_connected,not_connected,ready,19,4,0,4,0,0,0,4,4,1151,190,0,0,0,0,0,0,0,0,0,0,0,0,0,768,140,122,6,94,21,57,16,110,7,0,0,0,0,0,0,,,,,,,,,,,,,,,,,,,,,,,,0,0,,,,,,,,,,
2026-08-16,KR,KRW,2026-08-25,ready,ready,ready,delayed,ready,2546,147,72,75,18,7,90,147,103,197571,36390,20,64000,17,41800,39900,40800,1900,0,0,0,13,13,6500,117444,23011,11797,2805,21017,4900,20083,4478,27230,1196,0,0,20,64000,0,0,611.737198,846104,0,0,91771,0,0,6.6659,141.333175,195480,14045,0,10.0629,234.380321,324176,23130,0,10.1332,236.023702,326449,54596,0,4.3231,611.737198,846104,136081,305,55233,446,,,,,,
2026-08-17,JP,JPY,2026-08-25,ready,not_connected,not_connected,not_connected,ready,13,4,0,4,0,0,0,4,3,733,130,0,0,0,0,0,0,0,0,0,0,0,0,0,526,98,12,3,78,14,37,12,80,3,0,0,0,0,0,0,,,,,,,,,,,,,,,,,,,,,,,,0,0,,,,,,,,,,
2026-08-17,KR,KRW,2026-08-25,ready,ready,ready,delayed,ready,2506,148,87,61,18,5,105,148,106,193783,36215,22,68000,7,22500,21550,22000,950,0,0,0,11,11,5300,111034,22785,12532,2862,22417,4896,20935,4534,26865,1138,1,3000,21,65000,0,0,612.818427,847600,0,0,93091,0,0,6.5830,147.622744,204180,14314,0,10.3132,241.072836,333432,23491,0,10.2623,224.122847,309988,55286,0,4.0539,612.818427,847600,284628,485,86721,587,,,,,,
2026-08-18,JP,JPY,2026-08-25,ready,not_connected,not_connected,not_connected,ready,15,2,0,2,2,0,2,2,2,876,160,0,0,0,0,0,0,0,0,0,0,0,0,0,558,114,22,6,53,16,63,16,180,8,0,0,0,0,0,0,,,,,,,,,,,,,,,,,,,,,,,,0,0,,,,,,,,,,
2026-08-18,KR,KRW,2026-08-25,ready,ready,ready,delayed,ready,2484,136,74,62,9,8,83,136,93,189964,35982,21,69000,16,31600,29100,29800,2500,0,0,0,8,8,4000,109862,22721,11909,2750,21055,4828,20128,4500,27010,1183,0,0,21,69000,0,0,601.489087,831930,0,0,93751,0,0,6.4158,146.014344,201955,14551,0,10.0347,238.101815,329323,23549,0,10.1109,217.372928,300652,55651,0,3.9060,601.489087,831930,185344,337,70476,550,,,,,,
2026-08-19,JP,JPY,2026-08-25,ready,not_connected,not_connected,not_connected,ready,13,1,0,1,0,0,0,1,1,742,144,0,0,0,0,0,0,0,0,0,0,0,0,0,511,103,22,6,52,15,117,18,40,2,0,0,0,0,0,0,,,,,,,,,,,,,,,,,,,,,,,,0,0,,,,,,,,,,
2026-08-19,KR,KRW,2026-08-25,ready,ready,ready,delayed,ready,2440,117,56,61,9,10,65,117,77,187268,35638,25,83000,20,44200,40390,41200,3810,0,0,0,7,7,3500,107485,22436,11963,2764,21134,4736,20386,4540,26300,1162,25,83000,0,0,0,0,589.554852,815424,0,0,89271,0,0,6.6041,143.969617,199127,14282,0,10.0805,233.500775,322959,23265,0,10.0366,212.084460,293338,51724,0,4.1003,589.554852,815424,181481,351,68012,517,,,,,,
2026-08-20,JP,JPY,2026-08-25,ready,not_connected,not_connected,not_connected,ready,11,2,0,2,2,0,2,2,2,1019,150,0,0,0,0,0,0,0,0,0,0,0,0,0,562,101,30,9,69,17,58,14,300,9,0,0,0,0,0,0,,,,,,,,,,,,,,,,,,,,,,,,0,0,,,,,,,,,,
2026-08-20,KR,KRW,2026-08-25,ready,ready,ready,delayed,ready,2464,115,62,53,4,8,66,115,79,186938,35819,21,63000,12,29600,26960,27600,2640,0,0,0,11,11,5300,108177,22592,12158,2745,21006,4757,20366,4591,25231,1134,21,63000,0,0,0,0,629.773951,871051,0,0,89517,0,0,7.0352,147.997638,204698,14003,0,10.5690,236.120819,326583,22678,0,10.4119,245.655494,339770,52836,0,4.6494,629.773951,871051,166483,316,57885,527,,,,,,
2026-08-21,JP,JPY,2026-08-25,ready,not_connected,not_connected,not_connected,ready,15,3,0,3,1,0,1,3,2,869,171,0,0,0,0,0,0,0,0,0,0,0,0,0,628,124,24,7,65,15,102,20,50,5,0,0,0,0,0,0,,,,,,,,,,,,,,,,,,,,,,,,0,0,,,,,,,,,,
2026-08-21,KR,KRW,2026-08-25,ready,ready,ready,delayed,ready,2405,128,71,57,8,7,79,128,83,185990,35181,26,84000,6,14300,13910,14300,390,0,0,0,12,12,6000,106910,22214,11266,2706,20867,4680,20087,4454,26860,1127,26,84000,0,0,0,0,601.110287,831406,0,0,87138,0,0,6.8984,148.285514,205096,13852,0,10.7050,233.083859,322382,22013,0,10.5885,219.740914,303928,51273,0,4.2857,601.110287,831406,187530,352,58791,533,,,,,,
2026-08-22,JP,JPY,2026-08-25,ready,not_connected,not_connected,not_connected,ready,18,5,0,5,2,0,2,5,4,1506,223,0,0,0,0,0,0,0,0,0,0,2,2,1000,1025,163,37,10,65,18,99,23,280,9,0,0,0,0,0,0,,,,,,,,,,,,,,,,,,,,,,,,0,0,,,,,,,,,,
2026-08-22,KR,KRW,2026-08-25,ready,ready,ready,delayed,ready,2387,105,51,54,9,5,60,105,66,183641,35216,20,66000,13,34000,32610,33500,1390,0,0,0,9,9,4500,104900,22115,11832,2801,20695,4721,19614,4431,26600,1148,20,66000,0,0,0,0,596.112174,824493,0,0,90346,0,0,6.5981,146.920938,203209,14150,0,10.3831,228.502713,316046,22675,0,10.0773,220.688523,305238,53521,0,4.1234,596.112174,824493,122430,215,33078,569,,,,,,
2026-08-23,JP,JPY,2026-08-25,ready,not_connected,not_connected,not_connected,ready,21,8,0,8,3,1,3,8,5,1655,256,0,0,0,0,0,0,0,0,0,0,0,0,0,1104,167,113,19,141,29,157,30,140,11,0,0,0,0,0,0,,,,,,,,,,,,,,,,,,,,,,,,0,0,,,,,,,,,,
2026-08-23,KR,KRW,2026-08-25,ready,ready,ready,delayed,ready,2424,113,57,56,11,10,68,113,76,190452,36234,30,103000,14,37000,34640,35400,2360,0,0,0,12,12,6000,107666,22558,13021,2901,21950,4955,20684,4667,27131,1153,30,103000,0,0,0,0,603.100081,834158,0,0,90535,0,0,6.6615,149.821625,207221,14205,0,10.5471,246.096675,340381,23341,0,10.5435,207.181781,286557,52989,0,3.9099,603.100081,834158,136689,229,38557,597,,,,,,
2026-08-24,JP,JPY,2026-08-25,ready,not_connected,not_connected,not_connected,ready,14,1,0,1,1,0,1,1,1,913,156,0,0,0,0,0,0,0,0,0,0,0,0,0,695,117,20,6,60,15,58,15,80,3,0,0,0,0,0,0,,,,,,,,,,,,,,,,,,,,,,,,0,0,,,,,,,,,,
2026-08-24,KR,KRW,2026-08-25,ready,ready,ready,delayed,ready,2471,118,61,57,13,7,74,118,96,193661,36715,23,79000,14,35000,33260,34000,1740,0,0,0,8,8,4000,109877,22930,12918,2969,21780,4922,21516,4703,27570,1191,23,79000,0,0,0,0,638.713428,883416,0,0,94688,0,0,6.7455,153.516837,212332,14243,0,10.7784,240.214006,332244,23158,0,10.3728,244.982585,338840,57287,0,4.2764,638.713428,883416,255146,404,76027,632,,,,,,
2026-08-25,JP,JPY,2026-08-25,ready,not_connected,not_connected,not_connected,ready,11,3,0,3,1,0,1,3,2,815,129,0,0,0,0,0,0,0,0,0,0,0,0,0,546,88,19,6,56,13,54,15,140,7,0,0,0,0,0,0,,,,,,,,,,,,,,,,,,,,,,,,0,0,,,,,,,,,,
2026-08-25,KR,KRW,2026-08-25,ready,ready,ready,delayed,ready,2417,112,65,47,7,7,72,112,76,186936,35754,36,118000,15,34300,31410,32300,2890,0,0,0,15,15,7300,106787,22421,12332,2835,20925,4810,20092,4565,26800,1123,36,118000,0,0,0,0,598.786804,828193,0,0,91342,0,0,6.5554,144.687441,200120,14114,0,10.2513,236.271097,326791,23088,0,10.2335,217.828266,301282,54140,0,4.0234,598.786804,828193,178988,307,67850,583,,,,,,
